Task name, Task description, Start time, End time, Duration,Duration in hours, Note, Category
"Skills","","29/07/2018 1:51 pm","29/07/2018 2:17 pm","00:26:14",0.4373774,"","Skills"
"Puzzles","","29/07/2018 2:24 pm","29/07/2018 2:29 pm","00:04:18",0.0717819,"","Puzzles"
"Skills","","29/07/2018 8:42 pm","29/07/2018 8:51 pm","00:09:09",0.1526172,"","Skills"
"Skills","","29/07/2018 8:56 pm","29/07/2018 9:30 pm","00:34:14",0.5706084,"","Skills"
"Community ","","30/07/2018 4:51 am","30/07/2018 6:46 am","01:55:50",1.9306138,"","Puzzles"
"Review","","30/07/2018 7:37 am","30/07/2018 7:40 am","00:02:46",0.0463875,"","Puzzles"
"Puzzles","","30/07/2018 7:40 am","30/07/2018 7:58 am","00:17:51",0.2976310,"","Puzzles"
"Review","","30/07/2018 7:58 am","30/07/2018 8:07 am","00:09:38",0.1605811,"","Puzzles"
"Community ","","30/07/2018 8:07 am","30/07/2018 8:13 am","00:05:14",0.0873215,"","Puzzles"
"Puzzles","","30/07/2018 8:28 am","30/07/2018 8:43 am","00:15:11",0.2530603,"","Puzzles"
"Review","","30/07/2018 8:52 am","30/07/2018 8:54 am","00:01:42",0.0284979,"","Puzzles"
"PhD","","30/07/2018 9:43 am","30/07/2018 10:05 am","00:22:25",0.3736442,"","Deep work"
"Review","","30/07/2018 10:05 am","30/07/2018 10:10 am","00:04:57",0.0825973,"","Puzzles"
"Review","","30/07/2018 11:40 am","30/07/2018 11:44 am","00:04:23",0.0730559,"","Puzzles"
"Skills","","30/07/2018 12:10 pm","30/07/2018 12:55 pm","00:44:59",0.7499592,"","Skills"
"Review","","30/07/2018 12:55 pm","30/07/2018 12:59 pm","00:04:16",0.0711884,"","Puzzles"
"Skills","","30/07/2018 12:59 pm","30/07/2018 1:20 pm","00:20:59",0.3497933,"","Skills"
"Review","","30/07/2018 1:20 pm","30/07/2018 1:23 pm","00:03:29",0.0581151,"","Puzzles"
"Skills","","30/07/2018 1:23 pm","30/07/2018 1:42 pm","00:18:21",0.3058602,"","Skills"
"Puzzles","","30/07/2018 2:17 pm","30/07/2018 2:37 pm","00:20:38",0.3440449,"","Puzzles"
"Walk","","30/07/2018 2:46 pm","30/07/2018 3:26 pm","00:40:14",0.6706172,"","Wellness"
"PhD","","30/07/2018 4:06 pm","30/07/2018 4:26 pm","00:19:49",0.3303548,"","Deep work"
"Review","","30/07/2018 4:26 pm","30/07/2018 4:33 pm","00:06:41",0.1114776,"","Puzzles"
"PhD","","30/07/2018 4:33 pm","30/07/2018 4:53 pm","00:20:03",0.3341907,"","Deep work"
"Review","","30/07/2018 4:53 pm","30/07/2018 4:58 pm","00:05:17",0.0881688,"","Puzzles"
"Yoga","","30/07/2018 6:03 pm","30/07/2018 7:15 pm","01:12:00",1.2000000,"","Wellness"
"Puzzles","","31/07/2018 12:30 pm","31/07/2018 1:09 pm","00:39:01",0.6505259,"","Puzzles"
"PhD","","31/07/2018 3:28 pm","31/07/2018 3:43 pm","00:14:42",0.2450166,"","Deep work"
"Puzzles","","31/07/2018 3:43 pm","31/07/2018 3:45 pm","00:01:29",0.0249164,"","Puzzles"
"PhD","","31/07/2018 3:45 pm","31/07/2018 3:53 pm","00:08:44",0.1456302,"","Deep work"
"Review","","31/07/2018 3:53 pm","31/07/2018 4:01 pm","00:07:18",0.1217549,"","Puzzles"
"Puzzles","","31/07/2018 4:01 pm","31/07/2018 4:08 pm","00:07:25",0.1237073,"","Puzzles"
"PhD","","31/07/2018 4:08 pm","31/07/2018 4:20 pm","00:11:42",0.1950894,"","Deep work"
"PhD","","31/07/2018 4:21 pm","31/07/2018 5:06 pm","00:44:40",0.7444733,"","Deep work"
"Review","","31/07/2018 5:07 pm","31/07/2018 5:08 pm","00:01:15",0.0208491,"","Puzzles"
"Review","","01/08/2018 7:25 am","01/08/2018 7:28 am","00:02:55",0.0486232,"","Puzzles"
"Review","","01/08/2018 7:29 am","01/08/2018 7:34 am","00:05:07",0.0853191,"","Puzzles"
"Puzzles","","01/08/2018 8:43 am","01/08/2018 9:07 am","00:24:04",0.4012671,"","Puzzles"
"Puzzles","","01/08/2018 11:07 am","01/08/2018 11:24 am","00:16:30",0.2752328,"","Puzzles"
"Skills","","01/08/2018 11:29 am","01/08/2018 11:45 am","00:16:37",0.2770389,"","Skills"
"Review","","02/08/2018 12:48 pm","02/08/2018 1:05 pm","00:16:47",0.2798732,"","Puzzles"
"Puzzles","","02/08/2018 1:05 pm","02/08/2018 1:19 pm","00:13:22",0.2229122,"","Puzzles"
"Review","","02/08/2018 1:19 pm","02/08/2018 1:26 pm","00:07:03",0.1177566,"","Puzzles"
"Puzzles","","02/08/2018 1:26 pm","02/08/2018 1:40 pm","00:14:26",0.2406985,"","Puzzles"
"Skills","","02/08/2018 1:40 pm","02/08/2018 1:46 pm","00:06:09",0.1025483,"","Skills"
"Puzzles","","02/08/2018 1:46 pm","02/08/2018 1:49 pm","00:02:35",0.0431589,"","Puzzles"
"Puzzles","","02/08/2018 1:49 pm","02/08/2018 2:22 pm","00:33:26",0.5572895,"","Puzzles"
"Skills","","02/08/2018 2:31 pm","02/08/2018 2:54 pm","00:23:30",0.3916824,"","Skills"
"Review","","03/08/2018 8:42 am","03/08/2018 8:48 am","00:06:26",0.1072448,"","Puzzles"
"Puzzles","","03/08/2018 8:48 am","03/08/2018 9:28 am","00:39:53",0.6647867,"","Puzzles"
"Review","","03/08/2018 9:28 am","03/08/2018 9:36 am","00:07:54",0.1319103,"","Puzzles"
"Community ","","03/08/2018 9:52 am","03/08/2018 12:08 pm","02:16:04",2.2678242,"","Puzzles"
"Review","","05/08/2018 10:17 am","05/08/2018 10:20 am","00:02:36",0.0434616,"","Puzzles"
"Puzzles","","05/08/2018 10:20 am","05/08/2018 10:32 am","00:12:55",0.2155397,"","Puzzles"
"PhD","","05/08/2018 11:06 am","05/08/2018 11:29 am","00:23:26",0.3906453,"","Deep work"
"Skills","","05/08/2018 11:29 am","05/08/2018 11:49 am","00:20:06",0.3352244,"","Skills"
"Review","","05/08/2018 11:49 am","05/08/2018 11:51 am","00:01:56",0.0324402,"","Puzzles"
"Puzzles","","05/08/2018 11:51 am","05/08/2018 12:06 pm","00:14:56",0.2490816,"","Puzzles"
"Deep work","","05/08/2018 2:41 pm","05/08/2018 2:43 pm","00:02:25",0.0405076,"","Deep work"
"Deep work","","05/08/2018 2:43 pm","05/08/2018 2:44 pm","00:01:19",0.0220934,"","Deep work"
"PhD","","05/08/2018 2:44 pm","05/08/2018 2:53 pm","00:09:01",0.1503142,"","Deep work"
"PhD","","05/08/2018 3:03 pm","05/08/2018 3:09 pm","00:05:52",0.0979075,"","Deep work"
"PhD","","05/08/2018 3:15 pm","05/08/2018 3:36 pm","00:20:16",0.3379229,"","Deep work"
"PhD","","05/08/2018 3:36 pm","05/08/2018 3:40 pm","00:04:13",0.0704350,"","Deep work"
"Review","","05/08/2018 3:40 pm","05/08/2018 3:42 pm","00:01:53",0.0315399,"","Puzzles"
"Skills","","05/08/2018 3:42 pm","05/08/2018 4:02 pm","00:20:35",0.3431015,"","Skills"
"Puzzles","","05/08/2018 4:10 pm","05/08/2018 4:25 pm","00:14:52",0.2478425,"","Puzzles"
"Review","","05/08/2018 4:38 pm","05/08/2018 4:39 pm","00:01:04",0.0178266,"","Puzzles"
"PhD","","05/08/2018 4:40 pm","05/08/2018 5:01 pm","00:20:15",0.3376618,"","Deep work"
"Review","","05/08/2018 5:10 pm","05/08/2018 5:11 pm","00:01:39",0.0276986,"","Puzzles"
"PhD","","05/08/2018 5:11 pm","05/08/2018 5:28 pm","00:16:56",0.2823941,"","Deep work"
"PhD","","05/08/2018 5:41 pm","05/08/2018 5:42 pm","00:01:29",0.0249440,"","Deep work"
"Review","","06/08/2018 9:12 am","06/08/2018 9:22 am","00:10:19",0.1719740,"","Puzzles"
"Review","","06/08/2018 9:22 am","06/08/2018 9:26 am","00:04:05",0.0681999,"","Puzzles"
"Review","","06/08/2018 9:37 am","06/08/2018 9:41 am","00:04:01",0.0671321,"","Puzzles"
"PhD","","06/08/2018 9:41 am","06/08/2018 10:04 am","00:22:33",0.3759787,"","Deep work"
"Deep work","","06/08/2018 10:04 am","06/08/2018 10:19 am","00:15:26",0.2573969,"","Deep work"
"PhD","","06/08/2018 10:20 am","06/08/2018 10:34 am","00:13:46",0.2296455,"","Deep work"
"Review","","06/08/2018 10:34 am","06/08/2018 10:39 am","00:04:51",0.0810202,"","Puzzles"
"Deep work","","06/08/2018 10:39 am","06/08/2018 10:47 am","00:07:46",0.1295655,"","Deep work"
"PhD","","06/08/2018 12:49 pm","06/08/2018 12:53 pm","00:04:26",0.0739780,"","Deep work"
"Skills","","06/08/2018 12:54 pm","06/08/2018 12:56 pm","00:02:22",0.0396947,"","Skills"
"Deep work","","06/08/2018 12:56 pm","06/08/2018 1:13 pm","00:17:19",0.2886410,"","Deep work"
"Review","","06/08/2018 1:15 pm","06/08/2018 1:18 pm","00:03:21",0.0559035,"","Puzzles"
"Skills","","06/08/2018 1:20 pm","06/08/2018 1:33 pm","00:13:07",0.2187368,"","Skills"
"Skills","","06/08/2018 3:11 pm","06/08/2018 3:29 pm","00:18:31",0.3087490,"","Skills"
"Puzzles","","06/08/2018 3:33 pm","06/08/2018 3:36 pm","00:03:03",0.0510689,"","Puzzles"
"Puzzles","","06/08/2018 3:37 pm","06/08/2018 3:46 pm","00:08:43",0.1454960,"","Puzzles"
"Puzzles","","06/08/2018 6:14 pm","06/08/2018 6:16 pm","00:01:53",0.0316134,"","Puzzles"
"Community ","","07/08/2018 2:28 am","07/08/2018 2:36 am","00:07:16",0.1212012,"","Puzzles"
"Review","","07/08/2018 2:36 am","07/08/2018 2:44 am","00:08:24",0.1400766,"","Puzzles"
"Review","","07/08/2018 2:48 am","07/08/2018 3:03 am","00:15:50",0.2640042,"","Puzzles"
"Skills","","07/08/2018 3:12 am","07/08/2018 3:32 am","00:20:19",0.3387000,"","Skills"
"Review","","07/08/2018 3:32 am","07/08/2018 3:34 am","00:01:14",0.0206420,"","Puzzles"
"PhD","","07/08/2018 3:53 am","07/08/2018 4:13 am","00:19:36",0.3269160,"","Deep work"
"Review","","07/08/2018 4:13 am","07/08/2018 4:15 am","00:01:43",0.0286709,"","Puzzles"
"Skills","","07/08/2018 4:40 am","07/08/2018 5:08 am","00:27:38",0.4606290,"","Skills"
"Puzzles","","07/08/2018 5:50 am","07/08/2018 5:53 am","00:03:02",0.0506185,"","Puzzles"
"Review","","07/08/2018 5:53 am","07/08/2018 6:15 am","00:21:53",0.3649343,"","Puzzles"
"Puzzles","","07/08/2018 6:15 am","07/08/2018 6:42 am","00:27:08",0.4523114,"","Puzzles"
"Review","","07/08/2018 6:42 am","07/08/2018 6:46 am","00:04:07",0.0686557,"","Puzzles"
"Puzzles","","07/08/2018 2:34 pm","07/08/2018 2:43 pm","00:08:22",0.1395421,"","Puzzles"
"PhD","","07/08/2018 3:04 pm","07/08/2018 3:24 pm","00:19:53",0.3316527,"","Deep work"
"Review","","07/08/2018 3:25 pm","07/08/2018 3:27 pm","00:02:53",0.0480584,"","Puzzles"
"Skills","","08/08/2018 10:40 am","08/08/2018 11:08 am","00:28:01",0.4669984,"","Skills"
"Review","","09/08/2018 11:05 am","09/08/2018 11:10 am","00:04:51",0.0809861,"","Puzzles"
"Puzzles","","09/08/2018 11:10 am","09/08/2018 11:17 am","00:06:47",0.1132304,"","Puzzles"
"Puzzles","","09/08/2018 11:17 am","09/08/2018 11:28 am","00:11:28",0.1911260,"","Puzzles"
"Community ","","09/08/2018 12:03 pm","09/08/2018 12:22 pm","00:19:03",0.3176976,"","Puzzles"
"Review","","09/08/2018 12:22 pm","09/08/2018 12:24 pm","00:02:00",0.0335700,"","Puzzles"
"PhD","","09/08/2018 12:24 pm","09/08/2018 12:27 pm","00:03:22",0.0561937,"","Deep work"
"Review","","10/08/2018 9:31 am","10/08/2018 9:43 am","00:12:23",0.2064939,"","Puzzles"
"Review","","10/08/2018 10:47 am","10/08/2018 10:52 am","00:04:58",0.0828660,"","Puzzles"
"Review","","10/08/2018 11:25 am","10/08/2018 11:30 am","00:04:49",0.0805460,"","Puzzles"
"PhD","","10/08/2018 11:37 am","10/08/2018 12:09 pm","00:31:42",0.5285244,"","Deep work"
"PhD","","10/08/2018 12:21 pm","10/08/2018 12:30 pm","00:08:34",0.1427817,"","Deep work"
"Review","","10/08/2018 12:30 pm","10/08/2018 12:37 pm","00:07:08",0.1190307,"","Puzzles"
"Review","","10/08/2018 12:41 pm","10/08/2018 12:42 pm","00:01:37",0.0269718,"","Puzzles"
"Review","","11/08/2018 10:43 am","11/08/2018 10:51 am","00:08:06",0.1350410,"","Puzzles"
"Review","","11/08/2018 11:11 am","11/08/2018 11:15 am","00:03:42",0.0618566,"","Puzzles"
"Puzzles","","11/08/2018 11:15 am","11/08/2018 11:19 am","00:03:57",0.0660512,"","Puzzles"
"Review","","11/08/2018 4:17 pm","11/08/2018 4:22 pm","00:04:40",0.0779979,"","Puzzles"
"PhD","","11/08/2018 4:22 pm","11/08/2018 4:24 pm","00:01:44",0.0290932,"","Deep work"
"PhD","","11/08/2018 4:26 pm","11/08/2018 4:51 pm","00:24:51",0.4141746,"","Deep work"
"Skills","","11/08/2018 4:52 pm","11/08/2018 5:11 pm","00:19:11",0.3197526,"","Skills"
"Walk","","11/08/2018 6:17 pm","11/08/2018 6:51 pm","00:33:17",0.5548322,"","Wellness"
"PhD","","11/08/2018 7:01 pm","11/08/2018 7:04 pm","00:03:09",0.0526763,"","Deep work"
"Review","","11/08/2018 7:04 pm","11/08/2018 7:06 pm","00:02:21",0.0393144,"","Puzzles"
"Reading","","11/08/2018 7:41 pm","11/08/2018 7:46 pm","00:04:58",0.0828245,"","Skills"
"Review","","11/08/2018 7:48 pm","11/08/2018 7:51 pm","00:02:38",0.0441513,"","Puzzles"
"Puzzles","","11/08/2018 7:51 pm","11/08/2018 8:01 pm","00:10:37",0.1770776,"","Puzzles"
"Review","","11/08/2018 8:01 pm","11/08/2018 8:03 pm","00:01:21",0.0226652,"","Puzzles"
"PhD","","11/08/2018 8:27 pm","11/08/2018 8:36 pm","00:09:29",0.1582414,"","Deep work"
"Review","","12/08/2018 8:06 am","12/08/2018 8:26 am","00:19:58",0.3330493,"","Puzzles"
"Review","","12/08/2018 9:21 am","12/08/2018 9:31 am","00:10:33",0.1759316,"","Puzzles"
"Puzzles","","12/08/2018 1:07 pm","12/08/2018 1:11 pm","00:04:15",0.0709512,"","Puzzles"
"Review","","12/08/2018 1:11 pm","12/08/2018 1:16 pm","00:04:54",0.0818934,"","Puzzles"
"PhD","","12/08/2018 1:16 pm","12/08/2018 1:21 pm","00:04:13",0.0705493,"","Deep work"
"PhD","","12/08/2018 1:23 pm","12/08/2018 1:37 pm","00:13:15",0.2209164,"","Deep work"
"PhD","","12/08/2018 1:41 pm","12/08/2018 1:50 pm","00:08:51",0.1475457,"","Deep work"
"PhD","","12/08/2018 1:59 pm","12/08/2018 2:19 pm","00:20:14",0.3372340,"","Deep work"
"Review","","13/08/2018 3:13 am","13/08/2018 3:24 am","00:10:51",0.1809685,"","Puzzles"
"Review","","13/08/2018 3:30 am","13/08/2018 3:31 am","00:01:26",0.0239294,"","Puzzles"
"Email ","","13/08/2018 3:33 am","13/08/2018 3:46 am","00:13:04",0.2177871,"","Puzzles"
"Puzzles","","13/08/2018 4:05 am","13/08/2018 4:21 am","00:16:18",0.2718749,"","Puzzles"
"Puzzles","","13/08/2018 4:44 am","13/08/2018 4:46 am","00:02:10",0.0361167,"","Puzzles"
"PhD","","13/08/2018 4:55 am","13/08/2018 5:00 am","00:05:22",0.0897019,"","Deep work"
"Skills","","13/08/2018 5:10 am","13/08/2018 5:29 am","00:18:35",0.3097966,"","Skills"
"Skills","","13/08/2018 5:29 am","13/08/2018 5:32 am","00:02:40",0.0444684,"","Skills"
"PhD","","13/08/2018 5:32 am","13/08/2018 5:52 am","00:19:34",0.3262149,"","Deep work"
"Puzzles","","13/08/2018 12:31 pm","13/08/2018 12:48 pm","00:16:47",0.2797788,"","Puzzles"
"Review","","13/08/2018 12:48 pm","13/08/2018 12:51 pm","00:03:14",0.0539061,"","Puzzles"
"PhD","","13/08/2018 1:03 pm","13/08/2018 2:08 pm","01:05:00",1.0834874,"","Deep work"
"Review","","13/08/2018 2:25 pm","13/08/2018 2:30 pm","00:04:41",0.0780916,"","Puzzles"
"Skills","","13/08/2018 3:06 pm","13/08/2018 3:26 pm","00:20:04",0.3345974,"","Skills"
"Review","","14/08/2018 11:08 am","14/08/2018 11:14 am","00:06:20",0.1057397,"","Puzzles"
"Review","","14/08/2018 11:27 am","14/08/2018 11:29 am","00:02:57",0.0494127,"","Puzzles"
"Review","","14/08/2018 11:37 am","14/08/2018 11:40 am","00:03:09",0.0525474,"","Puzzles"
"Walk","","14/08/2018 11:40 am","14/08/2018 11:45 am","00:04:29",0.0749656,"","Wellness"
"Walk","","14/08/2018 11:45 am","14/08/2018 12:15 pm","00:29:39",0.4943118,"","Wellness"
"PhD","","14/08/2018 1:16 pm","14/08/2018 1:30 pm","00:13:54",0.2318166,"","Deep work"
"Skills","","14/08/2018 1:44 pm","14/08/2018 1:50 pm","00:06:23",0.1064246,"","Skills"
"Review","","14/08/2018 2:04 pm","14/08/2018 2:05 pm","00:01:13",0.0205497,"","Puzzles"
"Skills","","14/08/2018 2:05 pm","14/08/2018 2:10 pm","00:04:35",0.0763981,"","Skills"
"Review","","14/08/2018 2:14 pm","14/08/2018 2:23 pm","00:08:32",0.1424950,"","Puzzles"
"PhD","","14/08/2018 2:23 pm","14/08/2018 2:52 pm","00:29:23",0.4899175,"","Deep work"
"Review","","14/08/2018 3:50 pm","14/08/2018 3:52 pm","00:01:40",0.0279394,"","Puzzles"
"PhD","","14/08/2018 3:52 pm","14/08/2018 4:10 pm","00:18:52",0.3146602,"","Deep work"
"Review","","15/08/2018 8:30 am","15/08/2018 8:34 am","00:03:55",0.0654013,"","Puzzles"
"Puzzles","","15/08/2018 8:35 am","15/08/2018 8:58 am","00:23:23",0.3898945,"","Puzzles"
"Review","","15/08/2018 8:58 am","15/08/2018 8:59 am","00:01:19",0.0219476,"","Puzzles"
"PhD","","15/08/2018 8:59 am","15/08/2018 9:02 am","00:02:36",0.0435541,"","Deep work"
"Skills","","15/08/2018 9:04 am","15/08/2018 9:06 am","00:02:03",0.0343980,"","Skills"
"Puzzles","","15/08/2018 9:08 am","15/08/2018 9:31 am","00:23:26",0.3908160,"","Puzzles"
"PhD","","15/08/2018 9:31 am","15/08/2018 9:49 am","00:17:19",0.2886125,"","Deep work"
"PhD","","15/08/2018 10:11 am","15/08/2018 10:34 am","00:23:05",0.3849870,"","Deep work"
"Review","","15/08/2018 10:34 am","15/08/2018 10:36 am","00:02:34",0.0428461,"","Puzzles"
"PhD","","15/08/2018 10:36 am","15/08/2018 10:38 am","00:01:06",0.0183782,"","Deep work"
"Skills","","15/08/2018 11:09 am","15/08/2018 11:13 am","00:04:09",0.0692566,"","Skills"
"Puzzles","","15/08/2018 11:31 am","15/08/2018 11:53 am","00:22:10",0.3696706,"","Puzzles"
"Skills","","15/08/2018 11:53 am","15/08/2018 12:13 pm","00:19:45",0.3293763,"","Skills"
"PhD","","15/08/2018 12:21 pm","15/08/2018 12:40 pm","00:19:24",0.3234400,"","Deep work"
"Skills","","15/08/2018 12:56 pm","15/08/2018 1:01 pm","00:05:23",0.0898663,"","Skills"
"Puzzles","","15/08/2018 1:01 pm","15/08/2018 1:03 pm","00:01:49",0.0303472,"","Puzzles"
"Skills","","15/08/2018 1:03 pm","15/08/2018 1:06 pm","00:03:40",0.0612600,"","Skills"
"Skills","","15/08/2018 1:24 pm","15/08/2018 1:56 pm","00:32:14",0.5374833,"","Skills"
"Review","","15/08/2018 1:57 pm","15/08/2018 2:01 pm","00:04:00",0.0666824,"","Puzzles"
"Skills","","15/08/2018 2:19 pm","15/08/2018 2:37 pm","00:17:48",0.2969270,"","Skills"
"Review","","15/08/2018 2:37 pm","15/08/2018 2:39 pm","00:02:23",0.0397291,"","Puzzles"
"Skills","","15/08/2018 2:39 pm","15/08/2018 2:55 pm","00:15:45",0.2627379,"","Skills"
"Review","","15/08/2018 2:57 pm","15/08/2018 2:59 pm","00:01:28",0.0246584,"","Puzzles"
"PhD","","15/08/2018 3:04 pm","15/08/2018 3:21 pm","00:17:09",0.2859442,"","Deep work"
"Skills","","15/08/2018 3:21 pm","15/08/2018 3:35 pm","00:13:57",0.2327714,"","Skills"
"Review","","15/08/2018 3:36 pm","15/08/2018 3:37 pm","00:01:52",0.0311737,"","Puzzles"
"Community ","","15/08/2018 3:52 pm","15/08/2018 3:56 pm","00:04:31",0.0753288,"","Puzzles"
"Review","","16/08/2018 7:50 am","16/08/2018 7:57 am","00:07:31",0.1254749,"","Puzzles"
"Review","","16/08/2018 9:33 am","16/08/2018 9:45 am","00:11:29",0.1916019,"","Puzzles"
"Puzzles","","16/08/2018 9:45 am","16/08/2018 9:50 am","00:05:21",0.0894040,"","Puzzles"
"Puzzles","","16/08/2018 9:53 am","16/08/2018 10:18 am","00:25:27",0.4241690,"","Puzzles"
"Puzzles","","16/08/2018 10:42 am","16/08/2018 10:56 am","00:13:48",0.2300783,"","Puzzles"
"Review","","16/08/2018 12:49 pm","16/08/2018 12:50 pm","00:01:47",0.0299633,"","Puzzles"
"PhD","","16/08/2018 12:50 pm","16/08/2018 1:22 pm","00:31:45",0.5292853,"","Deep work"
"Skills","","16/08/2018 1:34 pm","16/08/2018 1:35 pm","00:01:42",0.0283995,"","Skills"
"Skills","","16/08/2018 1:47 pm","16/08/2018 2:08 pm","00:20:08",0.3356101,"","Skills"
"PhD","","16/08/2018 2:19 pm","16/08/2018 2:38 pm","00:18:39",0.3109052,"","Deep work"
"Puzzles","","16/08/2018 2:38 pm","16/08/2018 3:03 pm","00:24:15",0.4042241,"","Puzzles"
"Review","","16/08/2018 3:03 pm","16/08/2018 3:04 pm","00:01:33",0.0258423,"","Puzzles"
"PhD","","16/08/2018 3:05 pm","16/08/2018 4:12 pm","01:07:20",1.1224628,"","Deep work"
"PhD","","16/08/2018 4:12 pm","16/08/2018 4:16 pm","00:03:53",0.0647841,"","Deep work"
"Review","","16/08/2018 4:16 pm","16/08/2018 4:36 pm","00:19:52",0.3313685,"","Puzzles"
"Review","","16/08/2018 4:36 pm","16/08/2018 4:40 pm","00:04:03",0.0677417,"","Puzzles"
"Skills","","16/08/2018 4:40 pm","16/08/2018 4:52 pm","00:11:36",0.1934582,"","Skills"
"Puzzles","","16/08/2018 4:59 pm","16/08/2018 5:06 pm","00:07:10",0.1196044,"","Puzzles"
"Puzzles","","16/08/2018 6:02 pm","16/08/2018 6:22 pm","00:20:11",0.3364147,"","Puzzles"
"Review","","16/08/2018 6:22 pm","16/08/2018 6:26 pm","00:03:35",0.0597372,"","Puzzles"
"PhD","","16/08/2018 6:26 pm","16/08/2018 6:27 pm","00:01:32",0.0255997,"","Deep work"
"Review","","16/08/2018 10:06 pm","16/08/2018 10:08 pm","00:01:28",0.0245384,"","Puzzles"
"Puzzles","","16/08/2018 10:08 pm","16/08/2018 10:16 pm","00:07:40",0.1278406,"","Puzzles"
"PhD","","16/08/2018 10:16 pm","16/08/2018 10:27 pm","00:11:29",0.1915535,"","Deep work"
"PhD","","16/08/2018 10:34 pm","16/08/2018 10:36 pm","00:02:18",0.0383615,"","Deep work"
"Puzzles","","16/08/2018 10:36 pm","16/08/2018 10:39 pm","00:02:24",0.0400289,"","Puzzles"
"PhD","","16/08/2018 10:39 pm","16/08/2018 10:46 pm","00:07:22",0.1229486,"","Deep work"
"Review","","16/08/2018 10:52 pm","16/08/2018 10:56 pm","00:04:02",0.0672695,"","Puzzles"
"PhD","","16/08/2018 10:56 pm","16/08/2018 11:10 pm","00:14:16",0.2377948,"","Deep work"
"PhD","","16/08/2018 11:10 pm","16/08/2018 11:20 pm","00:09:10",0.1528090,"","Deep work"
"Review","","16/08/2018 11:20 pm","16/08/2018 11:22 pm","00:02:04",0.0344626,"","Puzzles"
"Review","","17/08/2018 7:38 am","17/08/2018 7:54 am","00:16:42",0.2785968,"","Puzzles"
"PhD","","17/08/2018 7:54 am","17/08/2018 7:59 am","00:04:54",0.0819206,"","Deep work"
"PhD","","17/08/2018 8:15 am","17/08/2018 8:34 am","00:19:46",0.3296100,"","Deep work"
"Puzzles","","17/08/2018 8:47 am","17/08/2018 8:52 am","00:04:47",0.0797828,"","Puzzles"
"PhD","","17/08/2018 9:16 am","17/08/2018 9:31 am","00:15:10",0.2528755,"","Deep work"
"PhD","","17/08/2018 10:03 am","17/08/2018 10:14 am","00:11:20",0.1891341,"","Deep work"
"Puzzles","","17/08/2018 10:15 am","17/08/2018 10:19 am","00:03:33",0.0593513,"","Puzzles"
"Puzzles","","17/08/2018 10:19 am","17/08/2018 10:22 am","00:02:52",0.0480023,"","Puzzles"
"Review","","17/08/2018 10:51 am","17/08/2018 11:01 am","00:09:22",0.1562551,"","Puzzles"
"PhD","","17/08/2018 11:01 am","17/08/2018 11:29 am","00:28:34",0.4762659,"","Deep work"
"Review","","17/08/2018 11:29 am","17/08/2018 11:43 am","00:13:24",0.2235450,"","Puzzles"
"Puzzles","","17/08/2018 3:39 pm","17/08/2018 4:04 pm","00:25:29",0.4249546,"","Puzzles"
"Puzzles","","17/08/2018 4:04 pm","17/08/2018 4:11 pm","00:06:53",0.1147334,"","Puzzles"
"PhD","","17/08/2018 7:49 pm","17/08/2018 8:27 pm","00:37:57",0.6327775,"","Deep work"
"Review","","18/08/2018 8:52 am","18/08/2018 9:06 am","00:13:24",0.2233575,"","Puzzles"
"Puzzles","","18/08/2018 9:10 am","18/08/2018 9:22 am","00:11:46",0.1963018,"","Puzzles"
"PhD","","18/08/2018 9:38 am","18/08/2018 9:50 am","00:11:48",0.1968618,"","Deep work"
"Puzzles","","18/08/2018 10:36 am","18/08/2018 10:38 am","00:02:09",0.0360791,"","Puzzles"
"Review","","18/08/2018 10:38 am","18/08/2018 10:56 am","00:17:18",0.2883353,"","Puzzles"
"PhD","","18/08/2018 10:56 am","18/08/2018 11:09 am","00:13:12",0.2201595,"","Deep work"
"Skills","","18/08/2018 11:09 am","18/08/2018 11:21 am","00:11:53",0.1983037,"","Skills"
"Review","","18/08/2018 11:21 am","18/08/2018 11:22 am","00:01:27",0.0242838,"","Puzzles"
"PhD","","18/08/2018 3:50 pm","18/08/2018 3:58 pm","00:07:50",0.1306280,"","Deep work"
"Puzzles","","18/08/2018 3:58 pm","18/08/2018 3:59 pm","00:01:03",0.0175289,"","Puzzles"
"Skills","","18/08/2018 3:59 pm","18/08/2018 4:04 pm","00:05:32",0.0923664,"","Skills"
"Skills","","18/08/2018 4:04 pm","18/08/2018 4:14 pm","00:09:41",0.1614344,"","Skills"
"Review","","18/08/2018 4:14 pm","18/08/2018 4:18 pm","00:04:24",0.0735527,"","Puzzles"
"PhD","","18/08/2018 4:18 pm","18/08/2018 4:21 pm","00:02:26",0.0406124,"","Deep work"
"Skills","","18/08/2018 4:21 pm","18/08/2018 4:37 pm","00:16:13",0.2705522,"","Skills"
"Review","","18/08/2018 4:37 pm","18/08/2018 4:41 pm","00:03:56",0.0656362,"","Puzzles"
"Skills","","18/08/2018 4:41 pm","18/08/2018 4:44 pm","00:02:28",0.0411836,"","Skills"
"PhD","","18/08/2018 4:44 pm","18/08/2018 4:52 pm","00:08:04",0.1344764,"","Deep work"
"Review","","18/08/2018 4:52 pm","18/08/2018 4:53 pm","00:01:32",0.0257958,"","Puzzles"
"Review","","19/08/2018 8:43 am","19/08/2018 8:58 am","00:14:38",0.2439415,"","Puzzles"
"Review","","19/08/2018 8:58 am","19/08/2018 9:05 am","00:07:35",0.1266653,"","Puzzles"
"PhD","","19/08/2018 11:46 am","19/08/2018 12:06 pm","00:20:03",0.3342564,"","Deep work"
"Puzzles","","19/08/2018 12:06 pm","19/08/2018 12:19 pm","00:13:08",0.2189658,"","Puzzles"
"PhD","","19/08/2018 12:24 pm","19/08/2018 12:54 pm","00:30:18",0.5051113,"","Deep work"
"PhD","","19/08/2018 12:58 pm","19/08/2018 1:12 pm","00:14:24",0.2402750,"","Deep work"
"Review","","19/08/2018 1:12 pm","19/08/2018 1:13 pm","00:01:01",0.0170028,"","Puzzles"
"Skills","","19/08/2018 1:28 pm","19/08/2018 1:47 pm","00:18:44",0.3124760,"","Skills"
"PhD","","19/08/2018 1:47 pm","19/08/2018 1:49 pm","00:02:16",0.0377891,"","Deep work"
"Review","","19/08/2018 1:49 pm","19/08/2018 1:51 pm","00:01:45",0.0293571,"","Puzzles"
"Skills","","19/08/2018 1:51 pm","19/08/2018 1:54 pm","00:02:49",0.0471857,"","Skills"
"Review","","19/08/2018 1:54 pm","19/08/2018 1:55 pm","00:01:08",0.0190880,"","Puzzles"
"Review","","19/08/2018 2:08 pm","19/08/2018 2:12 pm","00:04:01",0.0672120,"","Puzzles"
"PhD","","19/08/2018 3:02 pm","19/08/2018 3:22 pm","00:19:51",0.3310937,"","Deep work"
"Review","","20/08/2018 1:44 pm","20/08/2018 1:51 pm","00:07:49",0.1303770,"","Puzzles"
"Puzzles","","20/08/2018 1:52 pm","20/08/2018 2:19 pm","00:27:26",0.4574958,"","Puzzles"
"PhD","","20/08/2018 2:19 pm","20/08/2018 2:30 pm","00:11:30",0.1918669,"","Deep work"
"Skills","","20/08/2018 2:31 pm","20/08/2018 2:54 pm","00:22:38",0.3773647,"","Skills"
"Puzzles","","20/08/2018 5:06 pm","20/08/2018 5:13 pm","00:07:10",0.1195381,"","Puzzles"
"Walk","","20/08/2018 5:44 pm","20/08/2018 6:27 pm","00:43:02",0.7174856,"","Wellness"
"Review","","21/08/2018 7:11 am","21/08/2018 7:21 am","00:09:53",0.1649997,"","Puzzles"
"Puzzles","","21/08/2018 7:21 am","21/08/2018 7:42 am","00:20:59",0.3499892,"","Puzzles"
"Review","","21/08/2018 8:19 am","21/08/2018 8:20 am","00:01:17",0.0215646,"","Puzzles"
"Skills","","21/08/2018 8:20 am","21/08/2018 8:30 am","00:09:47",0.1632416,"","Skills"
"PhD","","21/08/2018 11:56 am","21/08/2018 12:17 pm","00:21:05",0.3515393,"","Deep work"
"Review","","21/08/2018 12:17 pm","21/08/2018 12:21 pm","00:03:55",0.0654424,"","Puzzles"
"Skills","","21/08/2018 12:21 pm","21/08/2018 12:43 pm","00:22:34",0.3761229,"","Skills"
"Puzzles","","21/08/2018 12:49 pm","21/08/2018 12:53 pm","00:04:03",0.0675514,"","Puzzles"
"Puzzles","","21/08/2018 3:44 pm","21/08/2018 3:47 pm","00:02:27",0.0410447,"","Puzzles"
"Skills","","21/08/2018 3:51 pm","21/08/2018 4:12 pm","00:21:23",0.3564513,"","Skills"
"Review","","21/08/2018 4:14 pm","21/08/2018 4:25 pm","00:11:23",0.1899115,"","Puzzles"
"Community ","","21/08/2018 4:25 pm","21/08/2018 4:33 pm","00:07:45",0.1291995,"","Puzzles"
"PhD","","21/08/2018 4:55 pm","21/08/2018 5:12 pm","00:17:01",0.2837080,"","Deep work"
"PhD","","21/08/2018 5:12 pm","21/08/2018 5:18 pm","00:05:34",0.0928176,"","Deep work"
"Review","","21/08/2018 5:18 pm","21/08/2018 5:25 pm","00:06:47",0.1132569,"","Puzzles"
"Skills","","21/08/2018 5:29 pm","21/08/2018 5:36 pm","00:06:48",0.1134265,"","Skills"
"Review","","21/08/2018 5:36 pm","21/08/2018 5:37 pm","00:01:04",0.0178685,"","Puzzles"
"Skills","","21/08/2018 5:37 pm","21/08/2018 5:46 pm","00:09:07",0.1521988,"","Skills"
"Skills","","21/08/2018 5:47 pm","21/08/2018 6:11 pm","00:24:08",0.4023613,"","Skills"
"Review","","21/08/2018 6:11 pm","21/08/2018 6:13 pm","00:01:48",0.0302507,"","Puzzles"
"Puzzles","","21/08/2018 6:13 pm","21/08/2018 6:36 pm","00:23:23",0.3898388,"","Puzzles"
"Review","","21/08/2018 6:36 pm","21/08/2018 6:47 pm","00:10:55",0.1820722,"","Puzzles"
"Skills","","21/08/2018 7:01 pm","21/08/2018 7:03 pm","00:01:40",0.0279158,"","Skills"
"PhD","","21/08/2018 7:23 pm","21/08/2018 7:41 pm","00:17:43",0.2955052,"","Deep work"
"Skills","","21/08/2018 8:02 pm","21/08/2018 8:23 pm","00:20:56",0.3490486,"","Skills"
"Puzzles","","21/08/2018 8:24 pm","21/08/2018 8:28 pm","00:04:01",0.0669850,"","Puzzles"
"Review","","21/08/2018 8:37 pm","21/08/2018 8:38 pm","00:01:00",0.0167368,"","Puzzles"
"PhD","","21/08/2018 8:53 pm","21/08/2018 9:10 pm","00:16:18",0.2717463,"","Deep work"
"Puzzles","","21/08/2018 9:20 pm","21/08/2018 9:31 pm","00:10:50",0.1807589,"","Puzzles"
"Review","","22/08/2018 8:24 am","22/08/2018 8:38 am","00:13:51",0.2309471,"","Puzzles"
"Puzzles","","22/08/2018 8:38 am","22/08/2018 8:58 am","00:20:09",0.3359794,"","Puzzles"
"PhD","","22/08/2018 11:30 am","22/08/2018 11:37 am","00:07:09",0.1192909,"","Deep work"
"Skills","","22/08/2018 12:04 pm","22/08/2018 12:14 pm","00:09:53",0.1649784,"","Skills"
"Skills","","22/08/2018 12:15 pm","22/08/2018 12:36 pm","00:20:06",0.3352678,"","Skills"
"Skills","","22/08/2018 12:43 pm","22/08/2018 12:48 pm","00:04:59",0.0832472,"","Skills"
"Puzzles","","22/08/2018 1:02 pm","22/08/2018 1:10 pm","00:08:28",0.1411700,"","Puzzles"
"PhD","","22/08/2018 1:30 pm","22/08/2018 1:40 pm","00:09:19",0.1554067,"","Deep work"
"Puzzles","","22/08/2018 1:41 pm","22/08/2018 1:44 pm","00:02:52",0.0479252,"","Puzzles"
"Skills","","22/08/2018 1:44 pm","22/08/2018 1:52 pm","00:07:44",0.1290712,"","Skills"
"PhD","","22/08/2018 3:12 pm","22/08/2018 3:29 pm","00:17:29",0.2914329,"","Deep work"
"Review","","22/08/2018 3:29 pm","22/08/2018 3:32 pm","00:03:10",0.0529553,"","Puzzles"
"Skills","","22/08/2018 3:32 pm","22/08/2018 3:51 pm","00:19:03",0.3177083,"","Skills"
"Review","","22/08/2018 4:05 pm","22/08/2018 4:06 pm","00:01:06",0.0184826,"","Puzzles"
"PhD","","22/08/2018 4:06 pm","22/08/2018 4:17 pm","00:10:31",0.1753540,"","Deep work"
"Review","","22/08/2018 4:17 pm","22/08/2018 4:19 pm","00:02:25",0.0404731,"","Puzzles"
"Skills","","22/08/2018 4:44 pm","22/08/2018 4:48 pm","00:04:25",0.0738140,"","Skills"
"Review","","23/08/2018 9:37 am","23/08/2018 9:50 am","00:13:52",0.2313404,"","Puzzles"
"PhD","","23/08/2018 9:50 am","23/08/2018 10:11 am","00:20:23",0.3398481,"","Deep work"
"Skills","","23/08/2018 10:11 am","23/08/2018 10:29 am","00:18:20",0.3056536,"","Skills"
"Skills","","23/08/2018 10:32 am","23/08/2018 10:35 am","00:02:20",0.0390511,"","Skills"
"Puzzles","","23/08/2018 10:35 am","23/08/2018 10:49 am","00:14:25",0.2405439,"","Puzzles"
"PhD","","23/08/2018 2:33 pm","23/08/2018 2:54 pm","00:20:43",0.3453040,"","Deep work"
"Review","","23/08/2018 2:54 pm","23/08/2018 2:59 pm","00:04:55",0.0821497,"","Puzzles"
"Skills","","23/08/2018 3:08 pm","23/08/2018 3:20 pm","00:12:36",0.2101449,"","Skills"
"Skills","","23/08/2018 4:07 pm","23/08/2018 4:20 pm","00:12:43",0.2120937,"","Skills"
"Skills","","23/08/2018 4:21 pm","23/08/2018 4:24 pm","00:03:17",0.0547506,"","Skills"
"Skills","","23/08/2018 4:31 pm","23/08/2018 4:39 pm","00:07:44",0.1289548,"","Skills"
"Skills","","23/08/2018 4:45 pm","23/08/2018 5:06 pm","00:20:17",0.3382694,"","Skills"
"Skills","","23/08/2018 5:11 pm","23/08/2018 5:17 pm","00:06:02",0.1006375,"","Skills"
"Skills","","23/08/2018 5:27 pm","23/08/2018 5:36 pm","00:09:16",0.1546924,"","Skills"
"Review","","25/08/2018 10:56 am","25/08/2018 11:08 am","00:11:31",0.1919446,"","Puzzles"
"Puzzles","","25/08/2018 11:08 am","25/08/2018 11:21 am","00:13:48",0.2301654,"","Puzzles"
"Skills","","25/08/2018 11:52 am","25/08/2018 12:06 pm","00:14:27",0.2408794,"","Skills"
"Review","","25/08/2018 12:07 pm","25/08/2018 12:09 pm","00:02:01",0.0338115,"","Puzzles"
"Puzzles","","25/08/2018 12:10 pm","25/08/2018 12:22 pm","00:12:08",0.2024177,"","Puzzles"
"PhD","","25/08/2018 12:28 pm","25/08/2018 12:32 pm","00:03:37",0.0603310,"","Deep work"
"Review","","25/08/2018 12:38 pm","25/08/2018 12:41 pm","00:02:47",0.0465368,"","Puzzles"
"Skills","","25/08/2018 12:41 pm","25/08/2018 12:43 pm","00:01:38",0.0274397,"","Skills"
"PhD","","25/08/2018 1:24 pm","25/08/2018 1:27 pm","00:03:25",0.0571266,"","Deep work"
"Skills","","25/08/2018 1:28 pm","25/08/2018 1:50 pm","00:22:04",0.3680165,"","Skills"
"Skills","","25/08/2018 1:50 pm","25/08/2018 1:56 pm","00:06:00",0.1000444,"","Skills"
"Review","","25/08/2018 1:56 pm","25/08/2018 2:00 pm","00:03:48",0.0633919,"","Puzzles"
"Skills","","25/08/2018 2:00 pm","25/08/2018 2:10 pm","00:10:43",0.1786896,"","Skills"
"Skills","","25/08/2018 2:32 pm","25/08/2018 2:40 pm","00:07:48",0.1302089,"","Skills"
"Skills","","25/08/2018 4:00 pm","25/08/2018 4:19 pm","00:18:58",0.3162704,"","Skills"
"Puzzles","","25/08/2018 4:20 pm","25/08/2018 4:27 pm","00:06:59",0.1166630,"","Puzzles"
"Puzzles","","25/08/2018 5:13 pm","25/08/2018 5:34 pm","00:20:08",0.3356196,"","Puzzles"
"Puzzles","","25/08/2018 6:11 pm","25/08/2018 6:27 pm","00:15:09",0.2525457,"","Puzzles"
"Review","","25/08/2018 6:27 pm","25/08/2018 6:29 pm","00:02:03",0.0343944,"","Puzzles"
"Review","","25/08/2018 6:30 pm","25/08/2018 6:40 pm","00:10:00",0.1669312,"","Puzzles"
"Skills","","25/08/2018 6:40 pm","25/08/2018 7:00 pm","00:20:04",0.3346548,"","Skills"
"Review","","25/08/2018 7:00 pm","25/08/2018 7:01 pm","00:01:03",0.0177110,"","Puzzles"
"Skills","","25/08/2018 7:05 pm","25/08/2018 7:17 pm","00:12:02",0.2006766,"","Skills"
"Skills","","25/08/2018 7:29 pm","25/08/2018 7:37 pm","00:07:10",0.1196323,"","Skills"
"Review","","25/08/2018 7:37 pm","25/08/2018 7:38 pm","00:01:31",0.0255035,"","Puzzles"
"Skills","","25/08/2018 7:38 pm","25/08/2018 7:49 pm","00:10:53",0.1816156,"","Skills"
"Review","","26/08/2018 8:44 am","26/08/2018 8:54 am","00:10:18",0.1719436,"","Puzzles"
"Puzzles","","26/08/2018 8:54 am","26/08/2018 9:12 am","00:17:18",0.2884771,"","Puzzles"
"PhD","","26/08/2018 9:13 am","26/08/2018 9:18 am","00:05:21",0.0893002,"","Deep work"
"Skills","","26/08/2018 9:25 am","26/08/2018 10:01 am","00:36:03",0.6008758,"","Skills"
"Review","","26/08/2018 2:59 pm","26/08/2018 3:02 pm","00:02:56",0.0491662,"","Puzzles"
"PhD","","26/08/2018 6:35 pm","26/08/2018 6:53 pm","00:17:52",0.2978460,"","Deep work"
"Review","","26/08/2018 6:53 pm","26/08/2018 6:55 pm","00:01:49",0.0303380,"","Puzzles"
"Skills","","26/08/2018 7:07 pm","26/08/2018 7:20 pm","00:12:36",0.2100895,"","Skills"
"Review","","26/08/2018 7:20 pm","26/08/2018 7:21 pm","00:01:03",0.0175180,"","Puzzles"
"PhD","","26/08/2018 7:23 pm","26/08/2018 7:30 pm","00:06:50",0.1139703,"","Deep work"
"Skills","","26/08/2018 7:30 pm","26/08/2018 7:36 pm","00:05:46",0.0961823,"","Skills"
"PhD","","26/08/2018 7:36 pm","26/08/2018 7:42 pm","00:06:13",0.1037266,"","Deep work"
"PhD","","26/08/2018 7:43 pm","26/08/2018 8:06 pm","00:22:59",0.3833011,"","Deep work"
"PhD","","26/08/2018 8:06 pm","26/08/2018 8:10 pm","00:03:43",0.0621910,"","Deep work"
"Skills","","26/08/2018 8:27 pm","26/08/2018 8:31 pm","00:03:26",0.0573239,"","Skills"
"Skills","","26/08/2018 8:31 pm","26/08/2018 8:46 pm","00:15:20",0.2556605,"","Skills"
"Review","","27/08/2018 6:58 am","27/08/2018 7:04 am","00:05:49",0.0971829,"","Puzzles"
"Skills","","27/08/2018 9:16 am","27/08/2018 9:33 am","00:17:32",0.2922693,"","Skills"
"Skills","","27/08/2018 10:03 am","27/08/2018 10:25 am","00:21:58",0.3663352,"","Skills"
"Puzzles","","27/08/2018 11:34 am","27/08/2018 11:35 am","00:01:30",0.0252679,"","Puzzles"
"Skills","","27/08/2018 11:35 am","27/08/2018 11:38 am","00:02:52",0.0480216,"","Skills"
"Puzzles","","27/08/2018 11:38 am","27/08/2018 11:42 am","00:03:44",0.0623961,"","Puzzles"
"Skills","","27/08/2018 11:42 am","27/08/2018 11:58 am","00:15:46",0.2630089,"","Skills"
"Community ","","27/08/2018 11:58 am","27/08/2018 2:19 pm","02:21:28",2.3579538,"","Puzzles"
"PhD","","27/08/2018 3:21 pm","27/08/2018 3:25 pm","00:03:33",0.0593441,"","Deep work"
"Puzzles","","27/08/2018 3:25 pm","27/08/2018 3:29 pm","00:04:27",0.0743722,"","Puzzles"
"PhD","","27/08/2018 3:29 pm","27/08/2018 3:33 pm","00:03:39",0.0610029,"","Deep work"
"Skills","","27/08/2018 3:33 pm","27/08/2018 3:40 pm","00:07:16",0.1211333,"","Skills"
"Skills","","27/08/2018 3:42 pm","27/08/2018 4:10 pm","00:28:02",0.4672268,"","Skills"
"Review","","28/08/2018 7:51 am","28/08/2018 7:56 am","00:04:48",0.0800527,"","Puzzles"
"Puzzles","","28/08/2018 7:56 am","28/08/2018 8:19 am","00:22:39",0.3776707,"","Puzzles"
"PhD","","28/08/2018 8:19 am","28/08/2018 8:20 am","00:01:29",0.0247667,"","Deep work"
"PhD","","28/08/2018 8:22 am","28/08/2018 8:30 am","00:08:28",0.1411492,"","Deep work"
"Skills","","28/08/2018 8:30 am","28/08/2018 8:33 am","00:02:39",0.0441939,"","Skills"
"Puzzles","","28/08/2018 8:45 am","28/08/2018 9:00 am","00:15:05",0.2515717,"","Puzzles"
"PhD","","28/08/2018 9:05 am","28/08/2018 9:23 am","00:18:20",0.3056180,"","Deep work"
"PhD","","28/08/2018 2:28 pm","28/08/2018 2:38 pm","00:09:56",0.1657010,"","Deep work"
"PhD","","28/08/2018 2:41 pm","28/08/2018 2:46 pm","00:05:42",0.0951335,"","Deep work"
"PhD","","28/08/2018 2:50 pm","28/08/2018 2:55 pm","00:04:45",0.0793151,"","Deep work"
"Skills","","28/08/2018 5:48 pm","28/08/2018 6:01 pm","00:12:37",0.2104672,"","Skills"
"Puzzles","","28/08/2018 6:02 pm","28/08/2018 6:16 pm","00:14:03",0.2344096,"","Puzzles"
"PhD","","28/08/2018 6:16 pm","28/08/2018 6:29 pm","00:12:41",0.2115033,"","Deep work"
"Review","","28/08/2018 6:31 pm","28/08/2018 6:33 pm","00:02:01",0.0337549,"","Puzzles"
"PhD","","28/08/2018 6:33 pm","28/08/2018 6:36 pm","00:03:11",0.0533104,"","Deep work"
"Skills","","28/08/2018 6:37 pm","28/08/2018 6:57 pm","00:20:30",0.3417482,"","Skills"
"Review","","28/08/2018 6:57 pm","28/08/2018 7:01 pm","00:03:43",0.0620779,"","Puzzles"
"PhD","","28/08/2018 8:20 pm","28/08/2018 8:38 pm","00:17:48",0.2967116,"","Deep work"
"Puzzles","","29/08/2018 4:04 am","29/08/2018 4:15 am","00:11:12",0.1867956,"","Puzzles"
"Review","","29/08/2018 4:15 am","29/08/2018 4:21 am","00:05:30",0.0917438,"","Puzzles"
"Puzzles","","29/08/2018 4:23 am","29/08/2018 4:28 am","00:05:14",0.0874493,"","Puzzles"
"PhD","","29/08/2018 6:16 am","29/08/2018 6:28 am","00:12:46",0.2130407,"","Deep work"
"Puzzles","","29/08/2018 6:28 am","29/08/2018 6:40 am","00:12:05",0.2014089,"","Puzzles"
"PhD","","29/08/2018 6:40 am","29/08/2018 6:49 am","00:08:28",0.1412586,"","Deep work"
"Puzzles","","29/08/2018 7:06 am","29/08/2018 7:07 am","00:01:24",0.0235961,"","Puzzles"
"PhD","","29/08/2018 7:07 am","29/08/2018 7:27 am","00:19:24",0.3235873,"","Deep work"
"Review","","29/08/2018 7:27 am","29/08/2018 7:30 am","00:02:37",0.0438335,"","Puzzles"
"PhD","","29/08/2018 7:30 am","29/08/2018 7:36 am","00:05:58",0.0996917,"","Deep work"
"Puzzles","","29/08/2018 8:12 am","29/08/2018 8:20 am","00:08:25",0.1405036,"","Puzzles"
"PhD","","29/08/2018 8:20 am","29/08/2018 8:41 am","00:20:08",0.3356924,"","Deep work"
"Review","","29/08/2018 8:41 am","29/08/2018 8:44 am","00:02:55",0.0487560,"","Puzzles"
"Puzzles","","29/08/2018 12:18 pm","29/08/2018 12:20 pm","00:02:01",0.0337218,"","Puzzles"
"Puzzles","","29/08/2018 12:37 pm","29/08/2018 12:38 pm","00:01:32",0.0257206,"","Puzzles"
"Puzzles","","29/08/2018 12:43 pm","29/08/2018 12:45 pm","00:02:52",0.0479017,"","Puzzles"
"PhD","","29/08/2018 12:49 pm","29/08/2018 1:03 pm","00:13:49",0.2303566,"","Deep work"
"PhD","","29/08/2018 1:08 pm","29/08/2018 1:16 pm","00:08:07",0.1354350,"","Deep work"
"Review","","29/08/2018 1:16 pm","29/08/2018 1:18 pm","00:01:36",0.0267920,"","Puzzles"
"PhD","","29/08/2018 1:18 pm","29/08/2018 1:20 pm","00:01:48",0.0302723,"","Deep work"
"Puzzles","","29/08/2018 1:20 pm","29/08/2018 1:38 pm","00:18:32",0.3089557,"","Puzzles"
"PhD","","29/08/2018 1:39 pm","29/08/2018 1:45 pm","00:06:14",0.1039360,"","Deep work"
"Review","","29/08/2018 1:45 pm","29/08/2018 1:47 pm","00:01:59",0.0330968,"","Puzzles"
"Puzzles","","29/08/2018 1:47 pm","29/08/2018 1:50 pm","00:02:55",0.0488077,"","Puzzles"
"Puzzles","","29/08/2018 2:39 pm","29/08/2018 2:58 pm","00:18:54",0.3150628,"","Puzzles"
"Puzzles","","29/08/2018 3:01 pm","29/08/2018 3:14 pm","00:12:26",0.2074525,"","Puzzles"
"Review","","29/08/2018 3:29 pm","29/08/2018 3:31 pm","00:02:07",0.0353557,"","Puzzles"
"PhD","","29/08/2018 3:45 pm","29/08/2018 4:14 pm","00:28:18",0.4717795,"","Deep work"
"Skills","","30/08/2018 12:31 pm","30/08/2018 12:36 pm","00:05:28",0.0913452,"","Skills"
"Review","","30/08/2018 12:39 pm","30/08/2018 12:44 pm","00:04:52",0.0812669,"","Puzzles"
"Review","","01/09/2018 10:12 am","01/09/2018 10:21 am","00:08:57",0.1492377,"","Puzzles"
"Puzzles","","01/09/2018 10:21 am","01/09/2018 10:31 am","00:10:03",0.1675374,"","Puzzles"
"Puzzles","","01/09/2018 10:32 am","01/09/2018 10:34 am","00:02:45",0.0458811,"","Puzzles"
"Puzzles","","01/09/2018 10:35 am","01/09/2018 10:40 am","00:05:28",0.0913046,"","Puzzles"
"Puzzles","","01/09/2018 10:41 am","01/09/2018 10:48 am","00:06:58",0.1163231,"","Puzzles"
"Review","","01/09/2018 10:56 am","01/09/2018 10:58 am","00:02:03",0.0342186,"","Puzzles"
"PhD","","01/09/2018 12:25 pm","01/09/2018 12:44 pm","00:18:32",0.3091253,"","Deep work"
"Puzzles","","01/09/2018 12:44 pm","01/09/2018 12:58 pm","00:14:05",0.2349075,"","Puzzles"
"Review","","01/09/2018 2:08 pm","01/09/2018 2:10 pm","00:02:28",0.0412890,"","Puzzles"
"PhD","","01/09/2018 2:10 pm","01/09/2018 2:34 pm","00:23:06",0.3851700,"","Deep work"
"PhD","","01/09/2018 5:24 pm","01/09/2018 5:30 pm","00:06:20",0.1056842,"","Deep work"
"Review","","01/09/2018 5:31 pm","01/09/2018 5:40 pm","00:08:05",0.1348137,"","Puzzles"
"Puzzles","","01/09/2018 5:41 pm","01/09/2018 5:54 pm","00:12:46",0.2130064,"","Puzzles"
"PhD","","01/09/2018 5:54 pm","01/09/2018 6:14 pm","00:20:04",0.3346240,"","Deep work"
"Review","","01/09/2018 6:14 pm","01/09/2018 6:16 pm","00:02:24",0.0402474,"","Puzzles"
"Review","","02/09/2018 7:53 am","02/09/2018 7:59 am","00:06:40",0.1111289,"","Puzzles"
"Puzzles","","02/09/2018 7:59 am","02/09/2018 8:05 am","00:05:30",0.0919421,"","Puzzles"
"Review","","02/09/2018 8:05 am","02/09/2018 8:06 am","00:01:05",0.0181429,"","Puzzles"
"Puzzles","","02/09/2018 8:06 am","02/09/2018 8:26 am","00:20:10",0.3362444,"","Puzzles"
"Review","","02/09/2018 8:26 am","02/09/2018 8:29 am","00:02:59",0.0498680,"","Puzzles"
"Puzzles","","02/09/2018 8:29 am","02/09/2018 8:48 am","00:18:56",0.3156305,"","Puzzles"
"PhD","","02/09/2018 8:49 am","02/09/2018 8:54 am","00:04:51",0.0810755,"","Deep work"
"Puzzles","","02/09/2018 8:54 am","02/09/2018 8:56 am","00:02:17",0.0380595,"","Puzzles"
"Review","","02/09/2018 2:16 pm","02/09/2018 2:19 pm","00:02:19",0.0387406,"","Puzzles"
"PhD","","02/09/2018 2:19 pm","02/09/2018 2:37 pm","00:18:21",0.3060976,"","Deep work"
"Puzzles","","02/09/2018 2:46 pm","02/09/2018 3:01 pm","00:15:02",0.2508166,"","Puzzles"
"Review","","02/09/2018 3:01 pm","02/09/2018 3:02 pm","00:01:07",0.0186639,"","Puzzles"
"PhD","","02/09/2018 3:02 pm","02/09/2018 3:08 pm","00:05:19",0.0888192,"","Deep work"
"PhD","","02/09/2018 3:18 pm","02/09/2018 3:26 pm","00:08:08",0.1357754,"","Deep work"
"PhD","","02/09/2018 3:27 pm","02/09/2018 3:34 pm","00:07:17",0.1215906,"","Deep work"
"Review","","02/09/2018 3:38 pm","02/09/2018 3:39 pm","00:01:14",0.0206894,"","Puzzles"
"PhD","","02/09/2018 3:39 pm","02/09/2018 3:45 pm","00:05:58",0.0995487,"","Deep work"
"PhD","","02/09/2018 3:50 pm","02/09/2018 3:58 pm","00:07:58",0.1328408,"","Deep work"
"PhD","","02/09/2018 4:05 pm","02/09/2018 4:09 pm","00:03:39",0.0610846,"","Deep work"
"PhD","","02/09/2018 4:14 pm","02/09/2018 4:17 pm","00:03:03",0.0510339,"","Deep work"
"Review","","02/09/2018 4:17 pm","02/09/2018 4:19 pm","00:01:51",0.0308752,"","Puzzles"
"Review","","03/09/2018 9:02 am","03/09/2018 9:05 am","00:03:02",0.0507911,"","Puzzles"
"Puzzles","","03/09/2018 9:05 am","03/09/2018 9:10 am","00:04:57",0.0825409,"","Puzzles"
"Puzzles","","03/09/2018 9:13 am","03/09/2018 9:30 am","00:17:06",0.2851732,"","Puzzles"
"Puzzles","","03/09/2018 9:31 am","03/09/2018 9:34 am","00:02:53",0.0482949,"","Puzzles"
"PhD","","03/09/2018 10:24 am","03/09/2018 10:33 am","00:09:00",0.1500907,"","Deep work"
"PhD","","03/09/2018 10:39 am","03/09/2018 11:03 am","00:23:54",0.3984344,"","Deep work"
"Puzzles","","03/09/2018 11:03 am","03/09/2018 11:09 am","00:05:23",0.0898416,"","Puzzles"
"PhD","","03/09/2018 11:09 am","03/09/2018 11:17 am","00:08:28",0.1411552,"","Deep work"
"Skills","","03/09/2018 11:17 am","03/09/2018 11:19 am","00:01:49",0.0303424,"","Skills"
"Review","","03/09/2018 11:22 am","03/09/2018 11:24 am","00:01:26",0.0241049,"","Puzzles"
"PhD","","03/09/2018 11:37 am","03/09/2018 11:51 am","00:14:25",0.2404269,"","Deep work"
"Puzzles","","03/09/2018 11:54 am","03/09/2018 11:59 am","00:05:35",0.0931424,"","Puzzles"
"Puzzles","","03/09/2018 12:05 pm","03/09/2018 12:12 pm","00:07:12",0.1201632,"","Puzzles"
"Skills","","03/09/2018 12:12 pm","03/09/2018 12:33 pm","00:20:55",0.3488818,"","Skills"
"Review","","03/09/2018 12:33 pm","03/09/2018 12:44 pm","00:10:53",0.1816619,"","Puzzles"
"PhD","","03/09/2018 1:24 pm","03/09/2018 1:40 pm","00:15:18",0.2551458,"","Deep work"
"Review","","04/09/2018 8:10 am","04/09/2018 8:16 am","00:06:16",0.1045827,"","Puzzles"
"PhD","","04/09/2018 10:06 am","04/09/2018 10:26 am","00:20:05",0.3348536,"","Deep work"
"PhD","","04/09/2018 10:30 am","04/09/2018 10:50 am","00:20:04",0.3345389,"","Deep work"
"PhD","","04/09/2018 12:35 pm","04/09/2018 12:41 pm","00:05:55",0.0988126,"","Deep work"
"PhD","","04/09/2018 1:17 pm","04/09/2018 3:01 pm","01:43:17",1.7214721,"","Deep work"
"Review","","07/09/2018 9:31 am","07/09/2018 10:03 am","00:32:09",0.5361015,"","Puzzles"
"Puzzles","","07/09/2018 10:03 am","07/09/2018 10:13 am","00:09:49",0.1636498,"","Puzzles"
"Review","","07/09/2018 10:13 am","07/09/2018 10:21 am","00:08:06",0.1351957,"","Puzzles"
"PhD","","07/09/2018 10:34 am","07/09/2018 11:30 am","00:56:32",0.9423528,"","Deep work"
"Puzzles","","07/09/2018 1:29 pm","07/09/2018 1:50 pm","00:21:21",0.3560202,"","Puzzles"
"Review","","07/09/2018 1:50 pm","07/09/2018 1:52 pm","00:02:02",0.0340523,"","Puzzles"
"Puzzles","","07/09/2018 1:52 pm","07/09/2018 2:12 pm","00:19:30",0.3252610,"","Puzzles"
"Review","","07/09/2018 2:12 pm","07/09/2018 2:14 pm","00:01:59",0.0332771,"","Puzzles"
"Puzzles","","07/09/2018 2:14 pm","07/09/2018 2:24 pm","00:09:48",0.1634383,"","Puzzles"
"PhD","","07/09/2018 2:26 pm","07/09/2018 2:37 pm","00:11:02",0.1839462,"","Deep work"
"Puzzles","","07/09/2018 6:24 pm","07/09/2018 6:43 pm","00:19:12",0.3201076,"","Puzzles"
"Puzzles","","07/09/2018 6:43 pm","07/09/2018 6:45 pm","00:01:50",0.0306275,"","Puzzles"
"Review","","07/09/2018 6:45 pm","07/09/2018 6:47 pm","00:01:50",0.0307694,"","Puzzles"
"Skills","","07/09/2018 6:49 pm","07/09/2018 7:16 pm","00:27:49",0.4638769,"","Skills"
"Skills","","08/09/2018 7:54 am","08/09/2018 8:02 am","00:07:55",0.1320273,"","Skills"
"Review","","08/09/2018 3:28 pm","08/09/2018 3:29 pm","00:01:09",0.0191718,"","Puzzles"
"Skills","","08/09/2018 3:29 pm","08/09/2018 3:36 pm","00:06:53",0.1149963,"","Skills"
"Puzzles","","08/09/2018 3:36 pm","08/09/2018 3:41 pm","00:05:34",0.0929851,"","Puzzles"
"Review","","08/09/2018 3:41 pm","08/09/2018 3:44 pm","00:02:27",0.0410545,"","Puzzles"
"Skills","","08/09/2018 3:44 pm","08/09/2018 3:48 pm","00:03:39",0.0608458,"","Skills"
"Puzzles","","08/09/2018 3:48 pm","08/09/2018 4:06 pm","00:18:59",0.3164695,"","Puzzles"
"PhD","","08/09/2018 5:38 pm","08/09/2018 5:46 pm","00:07:52",0.1312594,"","Deep work"
"Skills","","08/09/2018 5:46 pm","08/09/2018 5:53 pm","00:07:08",0.1189019,"","Skills"
"Review","","08/09/2018 5:53 pm","08/09/2018 5:55 pm","00:01:34",0.0261872,"","Puzzles"
"Puzzles","","08/09/2018 5:55 pm","08/09/2018 5:58 pm","00:03:56",0.0656493,"","Puzzles"
"PhD","","08/09/2018 5:58 pm","08/09/2018 6:17 pm","00:18:35",0.3097314,"","Deep work"
"Review","","09/09/2018 7:35 am","09/09/2018 7:36 am","00:01:21",0.0227689,"","Puzzles"
"Review","","09/09/2018 7:53 am","09/09/2018 7:58 am","00:05:25",0.0905531,"","Puzzles"
"Puzzles","","09/09/2018 8:26 am","09/09/2018 8:31 am","00:04:45",0.0792833,"","Puzzles"
"Puzzles","","09/09/2018 8:31 am","09/09/2018 8:50 am","00:19:22",0.3229481,"","Puzzles"
"Review","","09/09/2018 8:50 am","09/09/2018 8:52 am","00:01:10",0.0196969,"","Puzzles"
"Puzzles","","09/09/2018 8:52 am","09/09/2018 9:05 am","00:13:17",0.2215312,"","Puzzles"
"PhD","","09/09/2018 9:37 am","09/09/2018 9:53 am","00:15:32",0.2589626,"","Deep work"
"Puzzles","","09/09/2018 2:12 pm","09/09/2018 2:33 pm","00:20:51",0.3476588,"","Puzzles"
"Review","","09/09/2018 2:34 pm","09/09/2018 2:57 pm","00:23:42",0.3952095,"","Puzzles"
"Review","","10/09/2018 6:57 am","10/09/2018 7:04 am","00:07:18",0.1218611,"","Puzzles"
"Puzzles","","10/09/2018 7:16 am","10/09/2018 7:18 am","00:01:50",0.0306900,"","Puzzles"
"Review","","10/09/2018 7:18 am","10/09/2018 7:23 am","00:04:57",0.0827763,"","Puzzles"
"PhD","","10/09/2018 7:23 am","10/09/2018 7:46 am","00:23:33",0.3925671,"","Deep work"
"PhD","","10/09/2018 9:15 am","10/09/2018 9:33 am","00:17:57",0.2992347,"","Deep work"
"Skills","","10/09/2018 10:22 am","10/09/2018 10:26 am","00:04:30",0.0750800,"","Skills"
"Puzzles","","10/09/2018 10:26 am","10/09/2018 10:29 am","00:02:46",0.0461700,"","Puzzles"
"PhD","","10/09/2018 10:29 am","10/09/2018 10:49 am","00:19:18",0.3218366,"","Deep work"
"Skills","","10/09/2018 10:49 am","10/09/2018 10:54 am","00:05:02",0.0839609,"","Skills"
"Review","","10/09/2018 10:55 am","10/09/2018 11:03 am","00:08:26",0.1406773,"","Puzzles"
"Puzzles","","10/09/2018 11:34 am","10/09/2018 11:54 am","00:20:15",0.3376602,"","Puzzles"
"PhD","","10/09/2018 11:55 am","10/09/2018 12:11 pm","00:16:22",0.2728974,"","Deep work"
"Skills","","10/09/2018 12:11 pm","10/09/2018 12:16 pm","00:05:14",0.0873087,"","Skills"
"Review","","10/09/2018 12:16 pm","10/09/2018 12:20 pm","00:04:01",0.0669815,"","Puzzles"
"PhD","","10/09/2018 12:21 pm","10/09/2018 12:41 pm","00:20:31",0.3420642,"","Deep work"
"Review","","10/09/2018 12:41 pm","10/09/2018 1:09 pm","00:27:59",0.4664429,"","Puzzles"
"Skills","","10/09/2018 1:09 pm","10/09/2018 1:20 pm","00:11:03",0.1842438,"","Skills"
"Review","","10/09/2018 1:20 pm","10/09/2018 1:25 pm","00:04:40",0.0779001,"","Puzzles"
"Puzzles","","10/09/2018 1:27 pm","10/09/2018 1:42 pm","00:14:13",0.2370330,"","Puzzles"
"Community ","","10/09/2018 1:42 pm","10/09/2018 2:22 pm","00:40:34",0.6763275,"","Puzzles"
"Puzzles","","10/09/2018 3:33 pm","10/09/2018 3:45 pm","00:11:30",0.1919227,"","Puzzles"
"Review","","10/09/2018 3:45 pm","10/09/2018 3:46 pm","00:01:17",0.0214045,"","Puzzles"
"PhD","","10/09/2018 3:46 pm","10/09/2018 4:06 pm","00:20:18",0.3385487,"","Deep work"
"Review","","10/09/2018 4:06 pm","10/09/2018 4:08 pm","00:01:50",0.0307380,"","Puzzles"
"Skills","","10/09/2018 4:17 pm","10/09/2018 4:52 pm","00:35:05",0.5848351,"","Skills"
"Review","","11/09/2018 7:05 am","11/09/2018 7:12 am","00:07:03",0.1175097,"","Puzzles"
"Puzzles","","11/09/2018 7:40 am","11/09/2018 7:42 am","00:02:16",0.0380548,"","Puzzles"
"Puzzles","","11/09/2018 7:42 am","11/09/2018 7:49 am","00:06:56",0.1155763,"","Puzzles"
"Puzzles","","11/09/2018 7:53 am","11/09/2018 7:57 am","00:03:56",0.0655952,"","Puzzles"
"Review","","11/09/2018 7:57 am","11/09/2018 8:01 am","00:04:03",0.0675900,"","Puzzles"
"Skills","","11/09/2018 11:44 am","11/09/2018 12:08 pm","00:23:52",0.3979619,"","Skills"
"PhD","","11/09/2018 12:19 pm","11/09/2018 12:22 pm","00:02:51",0.0477066,"","Deep work"
"Puzzles","","11/09/2018 12:22 pm","11/09/2018 12:42 pm","00:20:13",0.3371428,"","Puzzles"
"PhD","","11/09/2018 12:42 pm","11/09/2018 1:02 pm","00:20:25",0.3403824,"","Deep work"
"PhD","","11/09/2018 1:42 pm","11/09/2018 2:24 pm","00:41:36",0.6935210,"","Deep work"
"Review","","11/09/2018 2:24 pm","11/09/2018 2:25 pm","00:01:00",0.0168500,"","Puzzles"
"PhD","","11/09/2018 2:30 pm","11/09/2018 2:33 pm","00:02:52",0.0480040,"","Deep work"
"Skills","","11/09/2018 2:33 pm","11/09/2018 2:35 pm","00:02:26",0.0407746,"","Skills"
"Puzzles","","11/09/2018 2:35 pm","11/09/2018 2:49 pm","00:13:36",0.2267858,"","Puzzles"
"PhD","","11/09/2018 2:49 pm","11/09/2018 3:18 pm","00:29:11",0.4864577,"","Deep work"
"Skills","","11/09/2018 3:19 pm","11/09/2018 3:30 pm","00:11:17",0.1881925,"","Skills"
"Review","","11/09/2018 3:30 pm","11/09/2018 3:33 pm","00:03:01",0.0505333,"","Puzzles"
"Puzzles","","11/09/2018 3:33 pm","11/09/2018 3:41 pm","00:07:16",0.1211873,"","Puzzles"
"Skills","","11/09/2018 3:41 pm","11/09/2018 3:44 pm","00:03:38",0.0605581,"","Skills"
"PhD","","11/09/2018 3:44 pm","11/09/2018 3:55 pm","00:10:22",0.1727947,"","Deep work"
"Review","","11/09/2018 3:55 pm","11/09/2018 4:21 pm","00:26:19",0.4386744,"","Puzzles"
"Skills","","12/09/2018 7:07 am","12/09/2018 7:14 am","00:07:18",0.1218120,"","Skills"
"Review","","12/09/2018 7:55 am","12/09/2018 8:05 am","00:09:48",0.1635010,"","Puzzles"
"Puzzles","","12/09/2018 8:05 am","12/09/2018 8:08 am","00:03:31",0.0587847,"","Puzzles"
"PhD","","12/09/2018 12:44 pm","12/09/2018 12:48 pm","00:03:49",0.0638604,"","Deep work"
"Puzzles","","12/09/2018 12:48 pm","12/09/2018 12:58 pm","00:10:33",0.1758426,"","Puzzles"
"Skills","","12/09/2018 12:58 pm","12/09/2018 1:00 pm","00:01:26",0.0241112,"","Skills"
"Skills","","12/09/2018 1:02 pm","12/09/2018 1:07 pm","00:05:00",0.0833729,"","Skills"
"PhD","","12/09/2018 1:07 pm","12/09/2018 1:34 pm","00:27:04",0.4512108,"","Deep work"
"Review","","12/09/2018 1:37 pm","12/09/2018 1:39 pm","00:01:37",0.0271574,"","Puzzles"
"Puzzles","","12/09/2018 1:39 pm","12/09/2018 1:44 pm","00:05:57",0.0994398,"","Puzzles"
"Review","","12/09/2018 1:51 pm","12/09/2018 1:53 pm","00:01:49",0.0303014,"","Puzzles"
"PhD","","12/09/2018 1:53 pm","12/09/2018 1:58 pm","00:04:51",0.0809668,"","Deep work"
"Skills","","12/09/2018 1:58 pm","12/09/2018 2:10 pm","00:11:48",0.1968273,"","Skills"
"Puzzles","","12/09/2018 2:10 pm","12/09/2018 2:40 pm","00:30:16",0.5046838,"","Puzzles"
"PhD","","12/09/2018 2:59 pm","12/09/2018 3:19 pm","00:20:06",0.3350205,"","Deep work"
"PhD","","12/09/2018 3:20 pm","12/09/2018 3:24 pm","00:04:08",0.0691216,"","Deep work"
"Skills","","12/09/2018 3:24 pm","12/09/2018 3:29 pm","00:05:29",0.0916103,"","Skills"
"Puzzles","","12/09/2018 3:29 pm","12/09/2018 3:32 pm","00:03:14",0.0539093,"","Puzzles"
"Review","","12/09/2018 3:32 pm","12/09/2018 3:36 pm","00:03:37",0.0604169,"","Puzzles"
"PhD","","12/09/2018 3:36 pm","12/09/2018 3:56 pm","00:19:42",0.3284383,"","Deep work"
"Puzzles","","12/09/2018 4:02 pm","12/09/2018 4:21 pm","00:18:59",0.3165284,"","Puzzles"
"Deep work","","12/09/2018 4:49 pm","12/09/2018 5:16 pm","00:26:45",0.4459815,"","Deep work"
"PhD","","12/09/2018 5:16 pm","12/09/2018 5:37 pm","00:20:58",0.3495792,"","Deep work"
"Review","","12/09/2018 5:37 pm","12/09/2018 5:39 pm","00:01:29",0.0247722,"","Puzzles"
"Puzzles","","12/09/2018 5:39 pm","12/09/2018 5:46 pm","00:07:30",0.1252525,"","Puzzles"
"Puzzles","","12/09/2018 5:46 pm","12/09/2018 5:48 pm","00:01:57",0.0325755,"","Puzzles"
"PhD","","12/09/2018 9:11 pm","12/09/2018 9:15 pm","00:03:26",0.0572537,"","Deep work"
"Puzzles","","12/09/2018 9:15 pm","12/09/2018 9:35 pm","00:19:36",0.3269345,"","Puzzles"
"PhD","","12/09/2018 9:35 pm","12/09/2018 9:57 pm","00:22:49",0.3805393,"","Deep work"
"Review","","13/09/2018 12:10 pm","13/09/2018 12:24 pm","00:14:21",0.2392164,"","Puzzles"
"PhD","","13/09/2018 12:38 pm","13/09/2018 12:44 pm","00:06:35",0.1097452,"","Deep work"
"Skills","","13/09/2018 12:44 pm","13/09/2018 12:46 pm","00:02:13",0.0370297,"","Skills"
"Puzzles","","13/09/2018 12:46 pm","13/09/2018 12:52 pm","00:05:28",0.0911808,"","Puzzles"
"Review","","13/09/2018 12:52 pm","13/09/2018 12:54 pm","00:02:27",0.0408405,"","Puzzles"
"PhD","","13/09/2018 1:02 pm","13/09/2018 1:26 pm","00:24:11",0.4032959,"","Deep work"
"Deep work","","13/09/2018 1:26 pm","13/09/2018 1:40 pm","00:14:03",0.2341942,"","Deep work"
"Puzzles","","13/09/2018 2:09 pm","13/09/2018 2:16 pm","00:07:26",0.1238971,"","Puzzles"
"PhD","","13/09/2018 2:25 pm","13/09/2018 2:28 pm","00:03:06",0.0518545,"","Deep work"
"Skills","","13/09/2018 2:28 pm","13/09/2018 2:40 pm","00:12:35",0.2099997,"","Skills"
"PhD","","13/09/2018 2:58 pm","13/09/2018 3:20 pm","00:21:49",0.3638886,"","Deep work"
"Review","","13/09/2018 3:20 pm","13/09/2018 3:21 pm","00:01:43",0.0287735,"","Puzzles"
"PhD","","13/09/2018 3:21 pm","13/09/2018 3:26 pm","00:04:09",0.0693963,"","Deep work"
"Review","","13/09/2018 3:28 pm","13/09/2018 3:43 pm","00:14:41",0.2448458,"","Puzzles"
"Skills","","13/09/2018 3:43 pm","13/09/2018 3:47 pm","00:04:17",0.0716376,"","Skills"
"Deep work","","13/09/2018 3:48 pm","13/09/2018 4:03 pm","00:14:54",0.2485885,"","Deep work"
"Puzzles","","13/09/2018 4:21 pm","13/09/2018 4:41 pm","00:20:05",0.3349505,"","Puzzles"
"Review","","13/09/2018 4:41 pm","13/09/2018 4:45 pm","00:04:11",0.0697565,"","Puzzles"
"Review","","14/09/2018 6:55 am","14/09/2018 7:01 am","00:05:27",0.0910797,"","Puzzles"
"Puzzles","","14/09/2018 7:30 am","14/09/2018 7:35 am","00:05:44",0.0956779,"","Puzzles"
"PhD","","14/09/2018 7:36 am","14/09/2018 7:41 am","00:05:14",0.0873460,"","Deep work"
"Skills","","14/09/2018 7:41 am","14/09/2018 7:48 am","00:06:31",0.1086226,"","Skills"
"PhD","","14/09/2018 8:06 am","14/09/2018 8:17 am","00:10:42",0.1785435,"","Deep work"
"Deep work","","14/09/2018 8:17 am","14/09/2018 8:30 am","00:12:34",0.2095156,"","Deep work"
"Skills","","14/09/2018 10:55 am","14/09/2018 11:16 am","00:20:21",0.3392932,"","Skills"
"Skills","","14/09/2018 11:16 am","14/09/2018 11:34 am","00:17:42",0.2951112,"","Skills"
"Puzzles","","14/09/2018 11:34 am","14/09/2018 11:38 am","00:04:25",0.0737121,"","Puzzles"
"PhD","","14/09/2018 11:48 am","14/09/2018 11:56 am","00:08:40",0.1444765,"","Deep work"
"Deep work","","14/09/2018 11:59 am","14/09/2018 12:06 pm","00:07:05",0.1182857,"","Deep work"
"PhD","","14/09/2018 12:06 pm","14/09/2018 12:10 pm","00:04:19",0.0719904,"","Deep work"
"Deep work","","14/09/2018 1:15 pm","14/09/2018 1:56 pm","00:40:23",0.6732556,"","Deep work"
"Skills","","14/09/2018 4:17 pm","14/09/2018 4:22 pm","00:04:55",0.0821151,"","Skills"
"Skills","","14/09/2018 4:25 pm","14/09/2018 4:42 pm","00:16:05",0.2681019,"","Skills"
"Review","","16/09/2018 8:16 am","16/09/2018 8:21 am","00:05:32",0.0922292,"","Puzzles"
"Review","","16/09/2018 8:23 am","16/09/2018 8:25 am","00:02:30",0.0416853,"","Puzzles"
"PhD","","16/09/2018 8:25 am","16/09/2018 8:35 am","00:10:11",0.1698570,"","Deep work"
"Puzzles","","16/09/2018 8:59 am","16/09/2018 9:03 am","00:03:47",0.0632767,"","Puzzles"
"Review","","16/09/2018 9:03 am","16/09/2018 9:05 am","00:01:55",0.0320760,"","Puzzles"
"PhD","","16/09/2018 9:14 am","16/09/2018 9:30 am","00:16:13",0.2703825,"","Deep work"
"PhD","","16/09/2018 2:30 pm","16/09/2018 3:22 pm","00:51:14",0.8541245,"","Deep work"
"Review","","16/09/2018 3:22 pm","16/09/2018 3:28 pm","00:06:12",0.1034665,"","Puzzles"
"Deep work","","16/09/2018 3:28 pm","16/09/2018 4:15 pm","00:46:37",0.7769784,"","Deep work"
"Deep work","","16/09/2018 4:18 pm","16/09/2018 4:51 pm","00:33:31",0.5586804,"","Deep work"
"Skills","","16/09/2018 5:10 pm","16/09/2018 5:25 pm","00:14:54",0.2483921,"","Skills"
"Skills","","16/09/2018 5:25 pm","16/09/2018 5:27 pm","00:01:58",0.0329822,"","Skills"
"Review","","17/09/2018 6:58 am","17/09/2018 7:03 am","00:05:41",0.0948600,"","Puzzles"
"PhD","","17/09/2018 7:03 am","17/09/2018 7:07 am","00:04:10",0.0695208,"","Deep work"
"Puzzles","","17/09/2018 7:14 am","17/09/2018 7:16 am","00:01:35",0.0265146,"","Puzzles"
"PhD","","17/09/2018 7:16 am","17/09/2018 7:18 am","00:02:19",0.0387869,"","Deep work"
"Skills","","17/09/2018 7:18 am","17/09/2018 7:19 am","00:01:18",0.0217888,"","Skills"
"Puzzles","","17/09/2018 7:19 am","17/09/2018 7:23 am","00:03:30",0.0584488,"","Puzzles"
"PhD","","17/09/2018 7:23 am","17/09/2018 7:48 am","00:25:01",0.4169561,"","Deep work"
"PhD","","17/09/2018 3:11 pm","17/09/2018 3:34 pm","00:23:30",0.3917971,"","Deep work"
"Deep work","","17/09/2018 3:34 pm","17/09/2018 3:54 pm","00:19:55",0.3319579,"","Deep work"
"Deep work","","17/09/2018 4:04 pm","17/09/2018 4:27 pm","00:23:03",0.3842315,"","Deep work"
"Skills","","17/09/2018 4:45 pm","17/09/2018 4:52 pm","00:06:42",0.1119300,"","Skills"
"Skills","","18/09/2018 9:56 am","18/09/2018 10:38 am","00:42:23",0.7064071,"","Skills"
"Skills","","18/09/2018 10:57 am","18/09/2018 11:02 am","00:04:21",0.0725481,"","Skills"
"Review","","18/09/2018 11:02 am","18/09/2018 11:08 am","00:05:57",0.0992888,"","Puzzles"
"PhD","","18/09/2018 11:08 am","18/09/2018 11:09 am","00:01:19",0.0219868,"","Deep work"
"Puzzles","","18/09/2018 11:10 am","18/09/2018 11:13 am","00:03:31",0.0586263,"","Puzzles"
"PhD","","18/09/2018 11:13 am","18/09/2018 11:15 am","00:01:24",0.0235470,"","Deep work"
"Review","","18/09/2018 11:15 am","18/09/2018 11:16 am","00:01:41",0.0281689,"","Puzzles"
"Skills","","19/09/2018 5:04 am","19/09/2018 5:12 am","00:08:48",0.1468367,"","Skills"
"Review","","19/09/2018 9:07 am","19/09/2018 9:12 am","00:04:35",0.0764598,"","Puzzles"
"PhD","","19/09/2018 9:12 am","19/09/2018 9:24 am","00:12:03",0.2010873,"","Deep work"
"Skills","","19/09/2018 9:24 am","19/09/2018 9:29 am","00:05:04",0.0844875,"","Skills"
"PhD","","19/09/2018 10:55 am","19/09/2018 11:15 am","00:20:09",0.3360698,"","Deep work"
"Deep work","","19/09/2018 11:19 am","19/09/2018 11:33 am","00:14:17",0.2380683,"","Deep work"
"Skills","","19/09/2018 11:33 am","19/09/2018 11:34 am","00:01:11",0.0198912,"","Skills"
"Skills","","19/09/2018 11:40 am","19/09/2018 11:46 am","00:06:28",0.1079421,"","Skills"
"Puzzles","","19/09/2018 11:46 am","19/09/2018 11:48 am","00:01:56",0.0324698,"","Puzzles"
"PhD","","19/09/2018 11:48 am","19/09/2018 12:08 pm","00:20:04",0.3346818,"","Deep work"
"PhD","","19/09/2018 12:35 pm","19/09/2018 12:40 pm","00:05:43",0.0955105,"","Deep work"
"Puzzles","","19/09/2018 2:35 pm","19/09/2018 2:54 pm","00:18:30",0.3084004,"","Puzzles"
"PhD","","19/09/2018 2:59 pm","19/09/2018 3:04 pm","00:05:18",0.0885722,"","Deep work"
"Skills","","19/09/2018 3:04 pm","19/09/2018 3:27 pm","00:23:16",0.3879255,"","Skills"
"Puzzles","","19/09/2018 4:52 pm","19/09/2018 5:19 pm","00:27:01",0.4504086,"","Puzzles"
"Review","","20/09/2018 9:53 am","20/09/2018 9:56 am","00:02:29",0.0416000,"","Puzzles"
"PhD","","20/09/2018 9:56 am","20/09/2018 9:59 am","00:03:39",0.0610937,"","Deep work"
"Skills","","20/09/2018 9:59 am","20/09/2018 10:01 am","00:01:16",0.0211369,"","Skills"
"Puzzles","","20/09/2018 10:01 am","20/09/2018 10:04 am","00:02:54",0.0484021,"","Puzzles"
"PhD","","20/09/2018 10:04 am","20/09/2018 10:07 am","00:03:15",0.0542822,"","Deep work"
"Skills","","20/09/2018 10:07 am","20/09/2018 10:09 am","00:01:45",0.0292012,"","Skills"
"Puzzles","","20/09/2018 10:09 am","20/09/2018 10:22 am","00:12:47",0.2133180,"","Puzzles"
"PhD","","20/09/2018 10:48 am","20/09/2018 11:02 am","00:14:40",0.2446843,"","Deep work"
"PhD","","20/09/2018 11:03 am","20/09/2018 11:15 am","00:12:46",0.2129335,"","Deep work"
"Skills","","20/09/2018 11:24 am","20/09/2018 11:45 am","00:20:55",0.3488392,"","Skills"
"Review","","20/09/2018 11:45 am","20/09/2018 11:48 am","00:02:24",0.0402421,"","Puzzles"
"Puzzles","","20/09/2018 1:30 pm","20/09/2018 1:50 pm","00:19:25",0.3238381,"","Puzzles"
"PhD","","20/09/2018 1:50 pm","20/09/2018 2:10 pm","00:20:06",0.3351835,"","Deep work"
"Skills","","20/09/2018 2:10 pm","20/09/2018 2:57 pm","00:47:07",0.7853466,"","Skills"
"Puzzles","","20/09/2018 2:57 pm","20/09/2018 3:18 pm","00:20:57",0.3491696,"","Puzzles"
"Review","","20/09/2018 3:18 pm","20/09/2018 3:21 pm","00:02:22",0.0396704,"","Puzzles"
"Review","","21/09/2018 8:44 am","21/09/2018 8:49 am","00:04:33",0.0758854,"","Puzzles"
"PhD","","21/09/2018 8:49 am","21/09/2018 8:52 am","00:02:53",0.0481760,"","Deep work"
"Skills","","21/09/2018 8:52 am","21/09/2018 9:04 am","00:12:20",0.2055728,"","Skills"
"Skills","","21/09/2018 9:04 am","21/09/2018 9:39 am","00:35:02",0.5841124,"","Skills"
"Puzzles","","21/09/2018 11:05 am","21/09/2018 11:14 am","00:09:29",0.1581196,"","Puzzles"
"PhD","","21/09/2018 11:14 am","21/09/2018 11:21 am","00:06:49",0.1136323,"","Deep work"
"Skills","","21/09/2018 11:21 am","21/09/2018 11:47 am","00:25:46",0.4296144,"","Skills"
"Review","","23/09/2018 7:33 am","23/09/2018 7:42 am","00:08:47",0.1465993,"","Puzzles"
"Puzzles","","23/09/2018 7:42 am","23/09/2018 7:44 am","00:01:53",0.0316066,"","Puzzles"
"PhD","","23/09/2018 7:44 am","23/09/2018 8:39 am","00:55:11",0.9198979,"","Deep work"
"Puzzles","","23/09/2018 1:52 pm","23/09/2018 2:03 pm","00:10:47",0.1797659,"","Puzzles"
"Puzzles","","23/09/2018 2:05 pm","23/09/2018 2:09 pm","00:04:02",0.0674591,"","Puzzles"
"Puzzles","","23/09/2018 2:11 pm","23/09/2018 2:18 pm","00:07:21",0.1225871,"","Puzzles"
"Puzzles","","23/09/2018 2:21 pm","23/09/2018 2:28 pm","00:06:44",0.1124388,"","Puzzles"
"Review","","23/09/2018 2:35 pm","23/09/2018 2:37 pm","00:01:46",0.0295913,"","Puzzles"
"PhD","","23/09/2018 2:37 pm","23/09/2018 2:48 pm","00:10:55",0.1821234,"","Deep work"
"Review","","23/09/2018 2:48 pm","23/09/2018 2:56 pm","00:07:54",0.1317364,"","Puzzles"
"Skills","","23/09/2018 7:41 pm","23/09/2018 8:08 pm","00:26:43",0.4454815,"","Skills"
"Skills","","24/09/2018 4:12 am","24/09/2018 4:42 am","00:29:21",0.4892040,"","Skills"
"Review","","24/09/2018 4:51 am","24/09/2018 4:57 am","00:06:16",0.1046254,"","Puzzles"
"Puzzles","","24/09/2018 4:57 am","24/09/2018 5:14 am","00:16:18",0.2717688,"","Puzzles"
"Skills","","24/09/2018 8:03 am","24/09/2018 8:39 am","00:36:19",0.6054301,"","Skills"
"Skills","","24/09/2018 12:10 pm","24/09/2018 12:12 pm","00:01:48",0.0302679,"","Skills"
"Puzzles","","24/09/2018 12:12 pm","24/09/2018 12:33 pm","00:20:47",0.3463909,"","Puzzles"
"Skills","","24/09/2018 12:34 pm","24/09/2018 12:42 pm","00:07:22",0.1229067,"","Skills"
"Puzzles","","24/09/2018 12:57 pm","24/09/2018 1:20 pm","00:23:18",0.3885335,"","Puzzles"
"Review","","24/09/2018 1:20 pm","24/09/2018 1:23 pm","00:02:12",0.0367079,"","Puzzles"
"PhD","","24/09/2018 1:23 pm","24/09/2018 1:46 pm","00:23:04",0.3845315,"","Deep work"
"Skills","","24/09/2018 2:20 pm","24/09/2018 3:07 pm","00:47:00",0.7835880,"","Skills"
"Deep work","","24/09/2018 3:22 pm","24/09/2018 4:05 pm","00:43:11",0.7198245,"","Deep work"
"Review","","24/09/2018 4:05 pm","24/09/2018 4:15 pm","00:09:45",0.1625268,"","Puzzles"
"Deep work","","24/09/2018 4:41 pm","24/09/2018 5:22 pm","00:40:38",0.6774423,"","Deep work"
"Deep work","","24/09/2018 5:45 pm","24/09/2018 6:19 pm","00:33:47",0.5631145,"","Deep work"
"Deep work","","24/09/2018 6:28 pm","24/09/2018 6:33 pm","00:04:51",0.0810420,"","Deep work"
"Puzzles","","24/09/2018 6:33 pm","24/09/2018 6:35 pm","00:02:21",0.0393564,"","Puzzles"
"Review","","24/09/2018 7:55 pm","24/09/2018 8:01 pm","00:05:42",0.0951590,"","Puzzles"
"PhD","","24/09/2018 8:01 pm","24/09/2018 8:02 pm","00:01:05",0.0181872,"","Deep work"
"Skills","","24/09/2018 8:10 pm","24/09/2018 8:24 pm","00:13:13",0.2204606,"","Skills"
"Review","","25/09/2018 2:57 am","25/09/2018 3:04 am","00:07:07",0.1186520,"","Puzzles"
"Puzzles","","25/09/2018 3:04 am","25/09/2018 3:06 am","00:01:53",0.0314917,"","Puzzles"
"Puzzles","","25/09/2018 3:06 am","25/09/2018 3:13 am","00:06:17",0.1048151,"","Puzzles"
"Review","","25/09/2018 3:13 am","25/09/2018 3:14 am","00:01:08",0.0189738,"","Puzzles"
"PhD","","25/09/2018 3:14 am","25/09/2018 3:36 am","00:22:14",0.3706694,"","Deep work"
"Puzzles","","25/09/2018 3:47 am","25/09/2018 3:54 am","00:07:03",0.1175189,"","Puzzles"
"Skills","","25/09/2018 3:57 am","25/09/2018 4:15 am","00:17:39",0.2944038,"","Skills"
"PhD","","25/09/2018 6:59 am","25/09/2018 7:05 am","00:05:38",0.0939840,"","Deep work"
"Puzzles","","25/09/2018 7:05 am","25/09/2018 7:07 am","00:02:21",0.0392825,"","Puzzles"
"PhD","","25/09/2018 7:07 am","25/09/2018 7:44 am","00:36:30",0.6083528,"","Deep work"
"Review","","25/09/2018 7:44 am","25/09/2018 7:47 am","00:03:04",0.0511284,"","Puzzles"
"Review","","25/09/2018 8:00 am","25/09/2018 8:02 am","00:01:47",0.0297885,"","Puzzles"
"Puzzles","","25/09/2018 8:03 am","25/09/2018 8:10 am","00:07:35",0.1265852,"","Puzzles"
"Puzzles","","25/09/2018 8:28 am","25/09/2018 8:30 am","00:02:17",0.0382247,"","Puzzles"
"Review","","26/09/2018 8:41 am","26/09/2018 8:47 am","00:06:16",0.1044994,"","Puzzles"
"Skills","","26/09/2018 8:47 am","26/09/2018 9:57 am","01:09:31",1.1588485,"","Skills"
"Walk","","26/09/2018 10:45 am","26/09/2018 11:16 am","00:30:55",0.5155457,"","Wellness"
"Review","","26/09/2018 12:10 pm","26/09/2018 12:18 pm","00:08:25",0.1403260,"","Puzzles"
"Skills","","26/09/2018 12:18 pm","26/09/2018 12:25 pm","00:06:58",0.1163373,"","Skills"
"Review","","28/09/2018 9:48 am","28/09/2018 9:54 am","00:05:25",0.0903437,"","Puzzles"
"Puzzles","","28/09/2018 9:54 am","28/09/2018 9:58 am","00:03:57",0.0659178,"","Puzzles"
"Puzzles","","28/09/2018 9:59 am","28/09/2018 10:00 am","00:01:11",0.0199190,"","Puzzles"
"Skills","","28/09/2018 10:01 am","28/09/2018 10:05 am","00:03:53",0.0648682,"","Skills"
"Puzzles","","28/09/2018 10:05 am","28/09/2018 10:07 am","00:02:32",0.0422785,"","Puzzles"
"Review","","28/09/2018 10:07 am","28/09/2018 10:09 am","00:01:49",0.0303865,"","Puzzles"
"PhD","","28/09/2018 12:30 pm","28/09/2018 1:20 pm","00:50:47",0.8466186,"","Deep work"
"PhD","","28/09/2018 1:30 pm","28/09/2018 1:52 pm","00:22:10",0.3697042,"","Deep work"
"PhD","","28/09/2018 9:56 pm","28/09/2018 10:18 pm","00:22:13",0.3703562,"","Deep work"
"PhD","","28/09/2018 11:23 pm","29/09/2018 12:43 am","01:19:36",1.3268503,"","Deep work"
"Review","","29/09/2018 4:03 pm","29/09/2018 4:07 pm","00:04:20",0.0724754,"","Puzzles"
"Puzzles","","29/09/2018 4:07 pm","29/09/2018 4:09 pm","00:02:11",0.0365321,"","Puzzles"
"Puzzles","","29/09/2018 4:09 pm","29/09/2018 4:13 pm","00:03:26",0.0572883,"","Puzzles"
"Puzzles","","29/09/2018 4:13 pm","29/09/2018 4:15 pm","00:02:17",0.0380819,"","Puzzles"
"Review","","29/09/2018 4:15 pm","29/09/2018 4:17 pm","00:01:41",0.0280637,"","Puzzles"
"Puzzles","","29/09/2018 4:19 pm","29/09/2018 4:23 pm","00:04:39",0.0775154,"","Puzzles"
"Deep work","","29/09/2018 5:01 pm","29/09/2018 6:03 pm","01:02:55",1.0487514,"","Deep work"
"Deep work","","29/09/2018 7:06 pm","29/09/2018 7:10 pm","00:03:50",0.0639220,"","Deep work"
"Review","","01/10/2018 7:20 pm","01/10/2018 7:36 pm","00:16:25",0.2738695,"","Puzzles"
"Puzzles","","01/10/2018 7:36 pm","01/10/2018 7:44 pm","00:07:31",0.1254167,"","Puzzles"
"Puzzles","","01/10/2018 7:44 pm","01/10/2018 7:48 pm","00:04:08",0.0689690,"","Puzzles"
"Puzzles","","01/10/2018 8:14 pm","01/10/2018 8:36 pm","00:21:37",0.3603608,"","Puzzles"
"Puzzles","","01/10/2018 8:36 pm","01/10/2018 8:41 pm","00:05:21",0.0893301,"","Puzzles"
"Review","","01/10/2018 8:46 pm","01/10/2018 8:50 pm","00:03:50",0.0641522,"","Puzzles"
"Skills","","01/10/2018 8:52 pm","01/10/2018 9:02 pm","00:09:58",0.1663376,"","Skills"
"Skills","","01/10/2018 9:07 pm","01/10/2018 9:14 pm","00:06:56",0.1157121,"","Skills"
"Puzzles","","01/10/2018 9:14 pm","01/10/2018 9:23 pm","00:08:54",0.1484827,"","Puzzles"
"Skills","","01/10/2018 9:23 pm","01/10/2018 9:36 pm","00:13:04",0.2178116,"","Skills"
"Puzzles","","01/10/2018 9:38 pm","01/10/2018 9:53 pm","00:15:16",0.2546875,"","Puzzles"
"Puzzles","","01/10/2018 10:06 pm","01/10/2018 10:16 pm","00:10:04",0.1677800,"","Puzzles"
"Skills","","01/10/2018 10:16 pm","01/10/2018 10:25 pm","00:08:21",0.1394399,"","Skills"
"Puzzles","","01/10/2018 10:27 pm","01/10/2018 10:29 pm","00:02:07",0.0355369,"","Puzzles"
"Skills","","01/10/2018 10:43 pm","01/10/2018 10:52 pm","00:08:17",0.1381767,"","Skills"
"Puzzles","","01/10/2018 10:52 pm","01/10/2018 10:58 pm","00:06:49",0.1138182,"","Puzzles"
"Skills","","01/10/2018 10:58 pm","01/10/2018 11:05 pm","00:06:12",0.1036043,"","Skills"
"Skills","","01/10/2018 11:05 pm","01/10/2018 11:16 pm","00:11:05",0.1847535,"","Skills"
"Review","","02/10/2018 9:39 am","02/10/2018 9:43 am","00:04:36",0.0768439,"","Puzzles"
"Review","","02/10/2018 9:44 am","02/10/2018 9:50 am","00:05:55",0.0987280,"","Puzzles"
"Puzzles","","02/10/2018 9:50 am","02/10/2018 10:00 am","00:10:00",0.1667140,"","Puzzles"
"Puzzles","","02/10/2018 10:10 am","02/10/2018 10:33 am","00:22:46",0.3796528,"","Puzzles"
"Review","","02/10/2018 10:33 am","02/10/2018 10:49 am","00:16:16",0.2711509,"","Puzzles"
"Puzzles","","02/10/2018 10:49 am","02/10/2018 10:54 am","00:05:05",0.0847826,"","Puzzles"
"Puzzles","","02/10/2018 10:54 am","02/10/2018 11:02 am","00:07:35",0.1265634,"","Puzzles"
"Review","","02/10/2018 11:02 am","02/10/2018 11:03 am","00:01:13",0.0205106,"","Puzzles"
"PhD","","02/10/2018 11:03 am","02/10/2018 11:14 am","00:11:09",0.1859268,"","Deep work"
"Puzzles","","02/10/2018 11:36 am","02/10/2018 11:48 am","00:11:04",0.1846529,"","Puzzles"
"PhD","","02/10/2018 3:40 pm","02/10/2018 3:49 pm","00:09:20",0.1557443,"","Deep work"
"Review","","02/10/2018 4:02 pm","02/10/2018 4:18 pm","00:15:10",0.2529553,"","Puzzles"
"Skills","","02/10/2018 4:18 pm","02/10/2018 4:20 pm","00:01:58",0.0327937,"","Skills"
"PhD","","03/10/2018 6:41 am","03/10/2018 7:01 am","00:20:04",0.3345285,"","Deep work"
"Review","","03/10/2018 7:13 am","03/10/2018 7:16 am","00:02:54",0.0483919,"","Puzzles"
"Puzzles","","03/10/2018 7:16 am","03/10/2018 7:26 am","00:10:09",0.1691945,"","Puzzles"
"PhD","","03/10/2018 7:29 am","03/10/2018 8:22 am","00:53:37",0.8936541,"","Deep work"
"Puzzles","","03/10/2018 11:14 am","03/10/2018 11:20 am","00:05:58",0.0995762,"","Puzzles"
"PhD","","03/10/2018 11:21 am","03/10/2018 11:24 am","00:03:41",0.0615405,"","Deep work"
"PhD","","03/10/2018 1:31 pm","03/10/2018 1:42 pm","00:10:38",0.1772294,"","Deep work"
"Deep work","","03/10/2018 1:52 pm","03/10/2018 2:44 pm","00:52:24",0.8735278,"","Deep work"
"Review","","04/10/2018 3:33 pm","04/10/2018 3:37 pm","00:03:58",0.0661830,"","Puzzles"
"Review","","04/10/2018 3:39 pm","04/10/2018 3:43 pm","00:04:08",0.0689917,"","Puzzles"
"Puzzles","","04/10/2018 3:43 pm","04/10/2018 3:48 pm","00:04:41",0.0782829,"","Puzzles"
"Puzzles","","04/10/2018 3:48 pm","04/10/2018 3:58 pm","00:10:07",0.1688609,"","Puzzles"
"Puzzles","","04/10/2018 4:00 pm","04/10/2018 4:05 pm","00:05:24",0.0900452,"","Puzzles"
"PhD","","04/10/2018 4:15 pm","04/10/2018 4:18 pm","00:03:02",0.0506467,"","Deep work"
"Review","","05/10/2018 3:42 am","05/10/2018 3:50 am","00:07:50",0.1307061,"","Puzzles"
"PhD","","05/10/2018 8:25 am","05/10/2018 8:26 am","00:01:30",0.0251999,"","Deep work"
"Skills","","05/10/2018 10:47 am","05/10/2018 10:53 am","00:05:48",0.0969088,"","Skills"
"Puzzles","","05/10/2018 10:53 am","05/10/2018 10:58 am","00:05:30",0.0919275,"","Puzzles"
"PhD","","05/10/2018 10:59 am","05/10/2018 11:24 am","00:24:48",0.4134022,"","Deep work"
"Skills","","05/10/2018 11:38 am","05/10/2018 11:50 am","00:12:01",0.2005129,"","Skills"
"Skills","","05/10/2018 12:00 pm","05/10/2018 12:09 pm","00:09:32",0.1591062,"","Skills"
"PhD","","05/10/2018 1:25 pm","05/10/2018 1:27 pm","00:01:58",0.0328608,"","Deep work"
"Skills","","05/10/2018 1:27 pm","05/10/2018 1:30 pm","00:02:51",0.0477282,"","Skills"
"Puzzles","","05/10/2018 2:20 pm","05/10/2018 2:24 pm","00:03:57",0.0660961,"","Puzzles"
"PhD","","05/10/2018 2:25 pm","05/10/2018 2:51 pm","00:26:12",0.4367104,"","Deep work"
"Deep work","","05/10/2018 3:54 pm","05/10/2018 4:35 pm","00:40:48",0.6800824,"","Deep work"
"Review","","05/10/2018 4:35 pm","05/10/2018 4:38 pm","00:02:50",0.0474362,"","Puzzles"
"Review","","06/10/2018 4:40 am","06/10/2018 4:51 am","00:10:37",0.1770406,"","Puzzles"
"Skills","","06/10/2018 10:16 am","06/10/2018 10:19 am","00:02:46",0.0462980,"","Skills"
"Puzzles","","06/10/2018 10:19 am","06/10/2018 10:22 am","00:02:35",0.0432068,"","Puzzles"
"PhD","","06/10/2018 10:22 am","06/10/2018 10:27 am","00:05:22",0.0896177,"","Deep work"
"Skills","","06/10/2018 10:27 am","06/10/2018 10:32 am","00:04:55",0.0819685,"","Skills"
"Puzzles","","06/10/2018 10:32 am","06/10/2018 10:34 am","00:01:36",0.0268368,"","Puzzles"
"PhD","","06/10/2018 10:41 am","06/10/2018 11:02 am","00:20:18",0.3385388,"","Deep work"
"Skills","","06/10/2018 11:02 am","06/10/2018 11:04 am","00:01:18",0.0219242,"","Skills"
"PhD","","06/10/2018 11:22 am","06/10/2018 11:35 am","00:12:51",0.2141946,"","Deep work"
"Puzzles","","06/10/2018 11:40 am","06/10/2018 11:43 am","00:02:48",0.0467945,"","Puzzles"
"Puzzles","","06/10/2018 11:43 am","06/10/2018 11:53 am","00:10:49",0.1803693,"","Puzzles"
"PhD","","06/10/2018 11:53 am","06/10/2018 11:55 am","00:01:58",0.0327937,"","Deep work"
"Review","","06/10/2018 11:55 am","06/10/2018 11:58 am","00:02:33",0.0427238,"","Puzzles"
"Skills","","06/10/2018 11:58 am","06/10/2018 12:06 pm","00:07:41",0.1280878,"","Skills"
"Puzzles","","06/10/2018 12:10 pm","06/10/2018 12:13 pm","00:03:16",0.0545818,"","Puzzles"
"PhD","","06/10/2018 12:13 pm","06/10/2018 12:35 pm","00:21:10",0.3529703,"","Deep work"
"Skills","","06/10/2018 2:01 pm","06/10/2018 2:23 pm","00:22:46",0.3794766,"","Skills"
"Puzzles","","06/10/2018 2:30 pm","06/10/2018 2:51 pm","00:20:08",0.3357542,"","Puzzles"
"Review","","06/10/2018 2:51 pm","06/10/2018 2:54 pm","00:02:46",0.0462578,"","Puzzles"
"PhD","","06/10/2018 5:52 pm","06/10/2018 6:12 pm","00:20:09",0.3359238,"","Deep work"
"Review","","06/10/2018 6:59 pm","06/10/2018 7:03 pm","00:04:35",0.0764246,"","Puzzles"
"PhD","","06/10/2018 10:52 pm","06/10/2018 11:11 pm","00:18:10",0.3028139,"","Deep work"
